no,material,form,present_grs,ch,ancient_grs,x,unit_grs_printed,unit_grs,unit_to_tenth,correction,description
1,"Basalt, gn.",32—33,273.6,,273.6,2,136.8,136.8,TRUE,,Belongs to kat and not drachma; there is not a single drachma weight so finely formed on the domed type which is characteristic of the kat by its purity of outline.
2,"Syenite, gr.",20,685.8,,685.8,5,137.2,137.2,TRUE,,"Is of a type much commoner in kats than in drachmae; also the peculiar syenite, white felspar in green-black hornblende, is only known in three other kats (Nos. 45, 100, and 156), and in one of 80-grain standard (No. 481.)"
3,"Basalt, br.",33,2738.4,,2752,20,137.6,137.6,TRUE,,Is a kat for the same reasons as No. 1.
4,"Basalt, br.",24—26,1370.9,,1377,10,137.7,137.7,TRUE,,More of the kat than of the drachma type.
5,"Basalt, bl.",33,276.0,,276.0,2,138.0,138.0,TRUE,,As 1.
6,Bronze,92,138.8,,138.0,1,138.0,138.0,TRUE,,"A peculiar turned piece of bronze, never attached to anything, nor pierced; probably a weight."
7,"Syenite, bl.",37—40,2759.6,,2763.,20,138.1,138.1,TRUE,,might be drachma weights by their form; but are beyond a likely range of drachma.
8,"Basalt, br.",21—39,276.5,,276.5,2,138.2,138.2,TRUE,,might be drachma weights by their form; but are beyond a likely range of drachma.
9,"Basalt, br.",12,1383.1,,1383.1,10,138.3,138.3,TRUE,,
10,"Syenite, bl.",38,276.8,,276.8,2,138.4,138.4,TRUE,,
11,Limestone,31,138.4,,138.5,1,138.5,138.5,TRUE,,"A peculiar limestone, brownish-white, with fine grey veining: only one other of this colouring and form, No. 208, but not from exactly the same piece of stone. I have a quarter kat from Syria (?) of the same stone, but pyramidal in form."
12,Alabaster,26—27,691.9,,693.3,5,138.7,138.7,TRUE,,
13,Syenite,27—35,277.5,,277.6,2,138.8,138.8,TRUE,,"From a Ptolemaic house about the IIIrd cent. B.C., on the east side of the excavated part of the town (find 93). Burnt. With Nos. 65, 281, and 475."
14,"Syenite, gr.",33,138.9,,138.9,1,138.9,138.9,TRUE,,
15,"Basalt, bl.",27—33,138.9,,138.9,1,138.9,138.9,TRUE,,
16,"Syenite, bl.",27,69.5,,69.5,1/2,139.0,139.0,TRUE,,
17,Bronze,25—36,709.3,14,695.,5,139.0,139.0,TRUE,,
18,"Basalt, br.",34,6953,,6953,50,139.1,139.1,TRUE,,
19,Limestone,22—23,69.6,,69.6,1/2,139.2,139.2,TRUE,,Hard grey limestone.
20,"Basalt, bl.",37,6968,,6971,50,139.4,139.4,TRUE,,
21,"Basalt, br.",38,2787.8,,2788.3,20,139.4,139.4,TRUE,,
22,"Basalt, bl.",38—44,69.7,,69.7,1/2,139.4,139.4,TRUE,,
23,Limestone,25—33,27615.,,27900.,200,139.5,139.5,TRUE,,"Nummulitic limestone, very fossiliferous. Weathered surface."
24,Limestone,20,268.3,11,279,2,139.5,139.5,TRUE,,"Hard dark brown-grey limestone with holes, and a thin crust of white decomposition (?)"
25,"Basalt, br.",18—38,2791.8,,2794,20,139.7,139.7,TRUE,,
26,"Basalt, br.",18—38,2798.7,,2798.7,20,139.9,139.9,TRUE,,
27,Serpentine,19—23,2758.2,,2798,20,139.9,139.9,TRUE,,
28,Alabaster,36—44,699.5,,699.5,5,139.9,139.9,TRUE,,
29,Sandstone,38,1398.7,,1400,10,140.0,140.0,TRUE,,
30,Alabaster,38,1372.0,28,1400,10,140.0,140.0,TRUE,,
31,Bronze,33,720.9,21,700,5,140.0,140.0,TRUE,,
32,Bronze,33,77.1,63,140,1,140.,140,FALSE,,
33,"Syenite, bl.",38,139.8,,140.0,1,140.0,140.0,TRUE,,
34,Bronze,33,139.9,14,140.0,1,140.,140,FALSE,,
35,"Bronze, bl.",52,26.0,2,28.0,1/5,140.,140,FALSE,,"A peculiar black bronze, which throws off the oxide very freely, having a polished black face below it; only found in Nos. 94 and 119, both of this form, and perhaps No. 107."
36,"Basalt, br.",23—33,280.4,,280.4,2,140.2,140.2,TRUE,,
37,"Basalt, br.",23,1399.4,,1403.3,10,140.3,140.3,TRUE,,
38,"Basalt, gn.",18,280.8,,281.0,2,140.5,140.5,TRUE,,
39,"Syenite, bl.",18,699.0,,703.0,5,140.6,140.6,TRUE,,
40,"Basalt, br.",18,6333.,B,7040,50,140.8,140.8,TRUE,,
41,Bronze,33,699.7,,704.0,5,140.8,140.8,TRUE,,
42,"Granite, red",20—23,70440,,70440,500,140.9,140.9,TRUE,,"Hammer dressed, without any polish; irregular below."
43,"Basalt, bl.",23—27,702.5,,704.5,5,140.9,140.9,TRUE,,
44,Limestone,60,1342.7,70,1410,10,141.0,141.0,TRUE,,"Soft white limestone, flaky."
45,"Syenite, gr.",33,282.1,,282.1,2,141.1,141.1,TRUE,,
46,"Basalt, br.",39,1412.0,,1414.2,10,141.4,141.4,TRUE,,
47,Bronze,33,284.1,,282.7,2,141.4,141.4,TRUE,,
48,"Basalt, br.",33,283.0,,283.0,2,141.5,141.5,TRUE,,
49,"Basalt, bl.",27,2827.8,,2831.5,20,141.6,141.6,TRUE,,
50,"Hæmatite, br.",1,283.4,,283.4,2,141.7,141.7,TRUE,,
51,"Basalt, bl.",33,28140,,28400,200,142.0,142.0,TRUE,,"A fine weight, polished, but chipped."
52,Limestone,11—12,2827.8,,2840,20,142.0,142.0,TRUE,,Soft white limestone; from Kom Afrin.
53,"Basalt, br.",26—33,283.2,,284.0,2,142.0,142.0,TRUE,,
54,Bronze,26,144.0,2,142.,1,142.,142,FALSE,,
55,"Syenite, bl.",40,284.2,,284.2,2,142.1,142.1,TRUE,,
56,Alabaster,25,1399.2,,1422,10,142.2,142.2,TRUE,,
57,"Basalt, br.",12,704.7,,711,5,142.2,142.2,TRUE,,
58,"Hæmatite, br.",9—39,707.5,,711.5,5,142.3,142.3,TRUE,,"A natural pebble of hæmatite, ground down on the end of the major axis; light brown crust outside."
59,"Syenite, gn.",59,7110.,,7117.,50,142.3,142.3,TRUE,,A splendid weight of very unusual form for a kat; only No. 44 like it.
60,"Bronze, L.",36,709.7,,712.,5,142.4,142.4,TRUE,,
61,"Basalt, br.","44,100",570.7,,570.7,4,142.7,142.7,TRUE,,"The only weight with a name on it (see pl. xxii., fig. 100); strange to say, it has been broken off below, and ground down again to a flat bottom, rather roughly, and apparently adjusted to 4 kats. It was probably valued for the sake of the inscription, and therefore readjusted, after being accidentally broken. What its original weight was, is not clear; it is not likely that so little as a fifth of the whole was removed, looking to the traces of fracture and the present shallowness of the weight; yet it is not likely to have lost more than half its bulk, as it would have then been exceptionally high; hence it can hardly have been either 5 or 10 kats. It is a misfortune that this has been readjusted, as it is the only weight which shows its original age—that of Aahmes."
62,Limestone,38,1427.5,,1428.0,10,142.8,142.8,TRUE,,Very compact hard white limestone; fine work.
63,Alabaster,16—35,713.6,,714.0,5,142.8,142.8,TRUE,,"Merely a piece of a natural sheet of alabaster, trimmed round."
64,"Syenite, bl.",38,1428.0,,1428.6,10,142.9,142.9,TRUE,,
65,Syenite,27,285.8,,285.8,2,142.9,142.9,TRUE,,Same house as No. 13. Burnt.
66,Bronze,32—33,287.5,,286.0,2,143.0,143.0,TRUE,,
67,"Basalt, bl.",25—33,141.3,,143.0,1,143.0,143.0,TRUE,,
68,"Syenite, bl.",12—18,1431.0,,1431.0,10,143.1,143.1,TRUE,,
69,"Basalt, bl.",20,714.2,,715.7,5,143.1,143.1,TRUE,,
70,"Basalt, bl.",27—33,286.6,,286.6,2,143.3,143.3,TRUE,,
71,Syenite,27,719.1,,717.5,5,143.5,143.5,TRUE,,From a well filled with burnt earth in the middle of the S. part of the town. Probably about VIth cent. B.C. Burnt. (See No. 83.)
72,"Syenite, gn.",8,2872.8,,2872.8,20,143.6,143.6,TRUE,,
73,Limestone,27—30,143.7,,143.8,1,143.8,143.8,TRUE,,"Dark grey hard limestone, white vein on one side."
74,"Basalt, br.",27,287.3,,287.8,2,143.9,143.9,TRUE,,
75,"Basalt, bl.",26—27,143.9,,143.9,1,143.9,143.9,TRUE,,
76,"Basalt, br.",27,717.8,,719.9,5,144.0,144.0,TRUE,,
77,"Pyroxene, gn.",18,144.0,,144.0,1,144.0,144.0,TRUE,,Grey-green chatoyant pyroxene. Ptolemaic house W.N.W. of Great Temenos.
78,Bronze,43,76.2,4,72,1/2,144.,144,FALSE,,"Found with Nos. 161 and 165, at level 400; middle of Vth cent. B.C."
79,"Basalt, br.",27—33,1436.5,,1441,10,144.1,144.1,TRUE,,
80,"Syenite, bl.",19—39,7138,,7210,50,144.2,144.2,TRUE,,
81,"Basalt, bl.",33,288.4,,288.4,2,144.2,144.2,TRUE,,
82,"Basalt, bl.",25—33,2877.1,,2890,20,144.5,144.5,TRUE,,
83,"Basalt, br.",26—33,144.6,,144.5,1,144.5,144.5,TRUE,,Found with No. 71.
84,Sandstone,36,2891.9,,2893.,20,144.7,144.7,TRUE,,
85,Bronze,20—40,143.2,,144.7,1,144.7,144.7,TRUE,,
86,"Basalt, bl.",38—39,1448.6,,1448.9,10,144.9,144.9,TRUE,,
87,Syenite,23—27,289.7,,289.7,2,144.9,144.9,TRUE,,
88,Limestone,8—19,289.8,,289.8,2,144.9,144.9,TRUE,,"White limestone, with brown patch; hard."
89,Bronze,47,72.7,,72.5,1/2,145.,145,FALSE,,
90,"Basalt, br.",33—34,7243,,7248,50,145.0,145.0,TRUE,,Rough chipped around the sides.
91,"Basalt, br.",33,8292,B,14500,100,145,145,FALSE,,
92,"Basalt, br.",27,2600.1,B,2900,20,145,145,FALSE,,
93,"Granite, gr.",39,2826.5,,2890,20,145.0,145.0,TRUE,"Ancient: printed 2890, read as 2900 (unit 145.0 (sort-confirmed) needs 2900/20; print has 2890)",
94,"Bronze, bl.",52,27.2,2,29.0,1/5,145,145,FALSE,,
95,"Basalt, bl.",26—27,145.1,,145.1,1,145.1,145.1,TRUE,,See No. 35.
96,"Basalt, br.",33,6768,B,7270,59,145.4,145.4,TRUE,"x: printed 59, read as 50 (7270/50 = 145.4 as printed; no 59-ket denomination exists)",
97,"Porphyry, gr.",54,2907.0,,2907.5,20,145.4,145.4,TRUE,,"Minute felspathic crystals in a grey base, dense."
98,"Basalt, br.",37—38,727.0,,727.0,5,145.4,145.4,TRUE,,
99,"Hæmatite, bl.",11,727.2,,727.2,5,145.4,145.4,TRUE,,"Iron-black hæmatite, highly polished."
100,"Syenite, gr.",27,727.0,,727.0,5,145.4,145.4,TRUE,,
101,"Porphyry, gn.",81,727.6,,727.6,5,145.5,145.5,TRUE,,Pale green crystals in a dark green base; common in Roman times.
102,"Syenite, bl.",40—43,2908.3,,2912.,20,145.6,145.6,TRUE,,
103,"Basalt, br.",27—33,2913.3,,2915.,20,145.7,145.7,TRUE,,
104,"Basalt, bl.",18—19,2916.2,,2916.2,20,145.8,145.8,TRUE,,
105,"Basalt, bl.",26—33,145.8,,145.8,1,145.8,145.8,TRUE,,
106,"Basalt, br.",16,2910.3,,2920.,20,146.0,146.0,TRUE,,
107,Bronze,33—40,638.7,90,730,5,146,146,FALSE,,"Greyish bronze; broken in two, and part lost."
108,"Basalt, bl.",26—33,292.5,,292.4,2,146.2,146.2,TRUE,,
109,"Syenite, bl.",8,731.4,,731.6,5,146.3,146.3,TRUE,,
110,"Basalt, bl.",25—33,292.5,,292.5,2,146.3,146.3,TRUE,,
111,Limestone,20—40,1439.6,,1465,10,146.5,146.5,TRUE,,"Hard, white, sub-crystalline limestone; same as Nos. 204 and 253."
112,"Basalt, bl.",27—33,292.9,,293.0,2,146.5,146.5,TRUE,,
113,"Basalt, bl.",27—33,2933.5,,2934.5,20,146.7,146.7,TRUE,,
114,"Basalt, br.",27—35,734.1,,734.6,5,146.9,146.9,TRUE,,
115,Limestone,27—40,818.5,B,1470,10,147,147,FALSE,,Dark grey compact slaty limestone.
116,"Basalt, bl.",40—44,147.1,,147.1,1,147.1,147.1,TRUE,,
117,"Basalt, br.",33—37,2943.0,,2944.5,20,147.2,147.2,TRUE,,
118,"Basalt, bl.",27,294.4,,294.4,2,147.2,147.2,TRUE,,
119,"Bronze, bl.",51—52,30.0,,29.5,1/5,147.5,147.5,TRUE,,"See No. 35; more carbonated than 35 and 95, not cleaning so smoothly."
120,"Basalt, bl.",38,285.1,,285.1,2,147.6,147.6,TRUE,"Present: printed 285.1, read as 295.1 (unit 147.6 (sort-confirmed) needs 295.1/2; print has 285.1 twice) | Ancient: printed 285.1, read as 295.1 (same)",
121,"Basalt, br.",33,147.6,,147.6,1,147.6,147.6,TRUE,,
122,Limestone,40,7324,,7390,50,147.8,147.8,TRUE,,"Hard, close white limestone."
123,"Syenite, br.",38,1476.6,,1478.5,10,147.8,147.8,TRUE,,
124,"Syenite, bl.",82,738.8,,738.8,5,147.8,147.8,TRUE,,"A rare form; I have a similar uten in diorite (bought in Cairo, 1884), of 148.07 unit, closely the same as this 147.8."
125,"Basalt, br.",33,294.9,,295.6,2,147.8,147.8,TRUE,,
126,Limestone,32,445.8,B,740,5,148,148,FALSE,,Hard white Mokattam limestone.
127,"Basalt, bl.",33,74.0,,74.0,1/2,148.0,148.0,TRUE,,
128,"Syenite, gr.",33,1480.6,,1480.9,10,148.1,148.1,TRUE,,
129,"Syenite, bl.",2,7408,,7408,50,148.2,148.2,TRUE,,
130,"Syenite, gr.",43,1482.3,,1482.3,10,148.2,148.2,TRUE,,
131,"Basalt, br.",33—40,7289,,7420,50,148.4,148.4,TRUE,,
132,"Syenite, gr.",39,741.8,,741.8,5,148.4,148.4,TRUE,,"Very fine work, quite uninjured; green-grey syenite, polished."
133,"Basalt, br.",33,74.3,,74.3,1/2,148.6,148.6,TRUE,,
134,"Basalt, bl.",25,742.9,,743.9,5,148.8,148.8,TRUE,,
135,Alabaster,38—43,74.1,,74.4,1/2,148.8,148.8,TRUE,,
136,Bronze,38,74.7,,74.4,1/2,148.8,148.8,TRUE,,
137,"Syenite, gr.",8—11,2910.1,70,2980,20,149.,149,FALSE,,
138,(Stone) br.,41,148.9,,149?,1,149?,149,FALSE,,"Dark brown stone, apparently changed by contact with iron rust, and split on the surface."
139,"Basalt, br.",27,2980.9,,2983,20,149.1,149.1,TRUE,,
140,"Basalt, bl.",33,2975.4,,2982,20,149.1,149.1,TRUE,,
141,"Basalt, bl.",23,2978.1,,2982,20,149.1,149.1,TRUE,,
142,"Basalt, bl.",83,746.2,,746.2,5,149.2,149.2,TRUE,,
143,"Syenite, gr.",33,7466,,7469,50,149.4,149.4,TRUE,,"Very fine work, of the purest domed type of fig. 33; blue-grey syenite, polished."
144,"Basalt, br.",23—27,7388,,7490,50,149.8,149.8,TRUE,,
145,"Syenite, gn.",38,2995.1,,2997,20,149.8,149.8,TRUE,,
146,"Basalt, bl.",33,298.7,,299.6,2,149.8,149.8,TRUE,,
147,"Basalt, bl.",33,149.8,,149.8,1,149.8,149.8,TRUE,,
148,"Bronze, L.",33—37,709.0,40,750,5,150,150,FALSE,,
149,"Basalt, bl.",33,299.6,,300.0,5,150.0,150.0,TRUE,"x: printed 5, read as 2 (300.0/2 = 150.0 as printed; /5 gives 60)",
150,"Basalt, bl.",27—33,75.2,,75.2,1/2,159.4,150.4,TRUE,"Unit: printed 159.4, read as 150.4 (75.2 / (1/2) = 150.4; sorted between 150.0 and 150.5)",
151,Bronze,40,303.0,,301.,2,150.5,150.5,TRUE,,
152,"Granite, red",26,75290,,75290,500,150.6,150.6,TRUE,,"Similar to No. 42, but better worked."
153,"Basalt, bl.",33,300.4,,301.2,2,150.6,150.6,TRUE,,
154,"Syenite, pk.",27—37,3013.5,,3016.0,20,150.8,150.8,TRUE,,
155,"Syenite, bl.",41,75.4,,75.4,1/2,150.8,150.8,TRUE,,
156,"Syenite, gr.",31—33,302.6,,302.6,2,151.3,151.3,TRUE,,"With reference to this of black and white syenite (see No. 2), a weight similar in form, colour, and high standard (150.6) should be noted in Brit. Mus., with cartouche of Aahmes (XXVIth Dyn.) on the top."
157,Bronze,32,303.2,,305,2,152.5,152.5,TRUE,,
158,Bronze,25—27,154.3,,153.,1,153.,153,FALSE,,
