no,row,material,form,grs,x,unit_printed,unit_grs,correction,detail
3076,entry,LIM.,919,542.,4,135.5,135.5,,-2
3077,entry,BAS.,33,275.1,2,137.5,137.5,,
3078,entry,BAS.,324,137.6,1,.6,137.6,,
3079,entry,BAS.,393,137.6,1,.6,137.6,,
3080,entry,DURITE,268,137.6,1,.6,137.6,,
3081,entry,GY.MARB.,32,1376.0,10,.6,137.6,,
3082,entry,GY.SERP.,373,1375.7,10,.6,137.6,,
3083,entry,BAS.,358,2752.0,20,.6,137.6,,
3083,continuation,,,3440.1,25,.6,137.6,,SEE K
3084,entry,GY.SY.,9,6878.,50,.6,137.6,,GHUROB
3085,entry,HAEM.,422,6878.,50,.6,137.6,,
3086,entry,BK.QTZOSE,439,13761.,100,.6,137.6,,
3087,entry,BAS.,256,45.9,1/3,.7,137.7,,
3088,entry,BAS.,262,137.7,1,.7,137.7,,
3089,entry,BAS.,487,1377.0,10,.7,137.7,,XVIII
3090,entry,BAS.,406,1377.4,10,.7,137.7,,
3091,entry,BAS.,422,1376.6,10,.7,137.7,,
3092,entry,GY.QTZOSE,384,13770.,100,.7,137.7,,-27
3093,entry,BK.JASP.,364,68.9,1/2,.8,137.8,,
3094,entry,QTZITE,347,2754.5,20,.8,137.8,,
3094,continuation,,,3445.4,25,.8,137.8,,SEE K
3095,entry,QTZITE,344,13776.,100,.8,137.8,,
3096,entry,BAS.,792,137.9,1,.9,137.9,,XVIII
3097,entry,BAS.,32,137.9,1,.9,137.9,,
3098,entry,BAS.,264,275.8,2,.9,137.9,,
3099,entry,BAS.,313,275.8,2,.9,137.9,,
3099,continuation,,,3447.0,25,.9,137.9,,SEE K
3100,entry,DURITE,324,46.0,1/3,138.0,138.0,,
3101,entry,BAS.,380,1380.0,10,.0,138.0,,
3102,entry,BR.QTZITE,442,55200.,400,.0,138.0,,cartouche -6600 HAA.AB.RA
3103,entry,ALAB.,373,690.7,5,.1,138.1,,
3104,entry,BAS.,794,1380.7,10,.1,138.1,,XVIII
3105,entry,BAS.,141,1381.1,10,.1,138.1,,
3106,entry,BK.SY.,18,138.2,1,.2,138.2,,
3107,entry,LIM.,334,276.5,2,.2,138.2,,
3108,entry,BAS.,368,276.5,2,.2,138.2,,
3109,entry,BAS.,352,276.5,2,.2,138.2,,
3110,entry,SERP.,803,691.2,5,.2,138.2,,KARNAK XVIII
3111,entry,BAS.,356,1381.6,10,.2,138.2,,
3112,entry,BK.QTZOSE,394,2763.3,20,.2,138.2,,
3113,entry,BK.QTZOSE,55,2763.5,20,.2,138.2,,
3114,entry,BAS.,64,2764.7,20,.2,138.2,,XII
3115,entry,RED GRAN.,353,27650.,200,.2,138.2,,-10
3116,entry,GY.SY.,26,46.1,1/3,.3,138.3,,
3117,entry,Y.BK.SERP.,254,46.1,1/3,.3,138.3,,
3118,entry,BAS.,31,138.3,1,.3,138.3,,
3119,entry,ALAB.,427,691.4,5,.3,138.3,,
3120,entry,SERP.,493,691.7,5,.3,138.3,,XVIII
3121,entry,BAS.,382,1383.5,10,.3,138.3,,
3122,entry,BR.SY.,38,2766.5,20,.3,138.3,,
3123,entry,BK.SY.,40,2766.6,20,.3,138.3,,
3124,entry,BAS.,345,276.8,2,.4,138.4,,
3125,entry,LIM.,14,276.8,2,.4,138.4,,KAHUN
3126,entry,BAS.,498,692.0,5,.4,138.4,,XVIII
3127,entry,BAS.,448,692.1,5,.4,138.4,,
3128,entry,BAS.,232,1384.0,10,.4,138.4,,
3129,entry,BK.QTZOSE,54,2768.3,20,.4,138.4,,XXIII
3130,entry,BAS.,37,6919.,50,.4,138.4,,
3130,continuation,,,20758.,150,.4,138.4,,SEE B
3131,entry,BAS.,356,277.,2,.5,138.5,,-2
3132,entry,BAS.,256,692.6,5,.5,138.5,,
3133,entry,RED GRAN.,346,69250.,500,.5,138.5,,-170
3134,entry,GY.GRAN.,356,69250.,500,.5,138.5,,-10
3135,entry,RED GRAN.,314,138500.,1000,.5,138.5,,-70
3136,entry,BK.WT.SY,334,46.2,1/3,.6,138.6,,
3137,entry,ALAB.,16,69.3,1/2,138.6,138.6,,
3138,entry,BAS.,207,69.3,1/2,.6,138.6,,
3139,entry,BAS.,254,277.3,2,.6,138.6,,
3140,entry,BAS.,338,693.2,5,.6,138.6,,
3141,entry,DIORITE,646,2080.,30,.6,138.6,"x: printed 30, read as 15 (2080/15 = 138.7 matches the unit column; no 30-qedet denomination fits)",cartouche ABYD.XII
3142,entry,BAS.,368,2771.1,20,.6,138.6,,
3143,entry,DURITE,267,138.7,1,.7,138.7,,
3144,entry,HAEM.,499,138.7,1,.7,138.7,,XVIII
3145,entry,DURITE,40,138.7,1,.7,138.7,,
3146,entry,BAS.,333,277.5,2,.7,138.7,,
3147,entry,HAEM.,454,138.8,1,.8,138.8,,
3148,entry,BAS.,333,138.8,1,.8,138.8,,
3149,entry,LIM.,803,1388.0,10,.8,138.8,,-4
3150,entry,BAS.,367,1388.2,10,.8,138.8,,
3151,entry,GY.SY.,419,6942.,50,.8,138.8,,starred
3152,entry,BAS.,262,138.9,1,.9,138.9,,MEM.GLASS
3153,entry,GY.QTZOSE,57,1388.9,10,.9,138.9,,XXIII
3154,entry,LIM.,426,1389.1,10,.9,138.9,,JERUSALEM
3155,entry,BAS.,39,2778.3,20,.9,138.9,,
3156,entry,BK.QTZOSE,327,69.5,1/2,139.0,139.0,,
3157,entry,HAEM.,494,69.5,1/2,.0,139.0,,SMYRNA XVIII starred
3158,entry,BK.QTZ,32,139.0,1,.0,139.0,,
3159,entry,BAS.,344,278.1,2,.0,139.0,,
3160,entry,BAS.,448,694.9,5,.0,139.0,,QAU X
3160A,entry,BK.QTZ,651,695.6,5,.0,139.0,,
3161,entry,BAS.,368,1390.0,10,.0,139.0,,
3162,entry,BAS.,402,6949.,50,.0,139.0,,
3163,entry,SY.,202,139.1,1,.1,139.1,,
3164,entry,BAS.,378,278.2,2,.1,139.1,,
3165,entry,BAS.,428,278.2,2,.1,139.1,,
3166,entry,LIM.,395,695.7,5,.1,139.1,,
3167,entry,BAS.,57,695.7,5,.1,139.1,,
3168,entry,BAS.,345,1391.5,10,.1,139.1,,
3168,continuation,,,3478.2,25,.1,139.1,,SEE K
3169,entry,BK.BAS.,256,27820.,200,.1,139.1,,-13
3170,entry,LIM.,203,55650.,400,.1,139.1,,-35
3171,entry,BK.LIM.,,69.6,1/2,.2,139.2,,
3172,entry,DURITE,425,139.2,1,.2,139.2,,
3173,entry,BAS.,429,139.2,1,.2,139.2,,
3174,entry,ALAB.,338,695.9,5,.2,139.2,,
3175,entry,LIM.,913,2785.,20,.2,139.2,,NAQ.461 -6 PRE
3176,entry,BR.SY.,9,3480.9,25,.2,139.2,,
3177,entry,BR.SY.,439,6962.,50,.2,139.2,,
3178,entry,DURITE,64,139.3,1,.3,139.3,,"QU.""1/2"" XII"
3178,continuation,,,1392.8,10,.3,139.3,,SEE P
3179,entry,GY.SY.,369,6964.,50,.3,139.3,,
3180,entry,BK.SY.,348,6965.,50,.3,139.3,,
3181,entry,GY.SY.,353,13932.,100,.3,139.3,,
3182,entry,LIM.,BULL,27866.,200,.3,139.3,,phi XVI
3183,entry,BR.QTZITE,426,69630.,500,.3,139.3,,
3184,entry,ALAB.,256,69.7,1/2,.4,139.4,,
3185,entry,ALAB.,78,139.4,1,.4,139.4,,
3186,entry,BAS.,312,278.9,2,.4,139.4,,
3187,entry,ALAB.,28,278.9,2,.4,139.4,,
3188,entry,GY.QTZOSE,406,1393.8,10,.4,139.4,,
3189,entry,BR.SY.,387,6969.,50,.4,139.4,,
3189A,entry,BAS.,79,46.5,1/3,.5,139.5,,
3190,entry,HAEM.,499,46.5,1/3,.5,139.5,,
3191,entry,ALAB.,262,139.5,1,.5,139.5,,
3192,entry,BAS.,63,558.2,4,.5,139.5,,XII
3193,entry,BK.BAS.,497,697.4,5,.5,139.5,,XVIII
3194,entry,ALAB.,185,1395.5,10,.5,139.5,,MEM.
3195,entry,BAS.,348,27900.,200,.5,139.5,,
3196,entry,WT.QTZITE,18,27900.,200,.5,139.5,,
3197,entry,BK.QTZOSE,312,69.8,1/2,.6,139.6,,
3198,entry,BK.BAS.,395,69.8,1/2,.6,139.6,,
3199,entry,BAS.,344,139.6,1,.6,139.6,,
3200,entry,BAS.,364,697.9,5,.6,139.6,,MEM.
3201,entry,BAS.,381,2791.3,20,139.6,139.6,,
3202,entry,BAS.,656,2792.2,20,.6,139.6,,
3203,entry,BAS.,266,139.7,1,.7,139.7,,
3204,entry,BK.QTZ.,392,139.7,1,.7,139.7,,
3205,entry,BAS.,314,1397.1,10,.7,139.7,,
3206,entry,BK.BAS.,795,2794.,20,.7,139.7,,-18
3206,continuation,,,3491.5,25,.7,139.7,,SEE K
3207,entry,GY.SY.,235,13969.,100,.7,139.7,,
3208,entry,BAS.,397,46.6,1/3,.8,139.8,,
3209,entry,BK.BAS.,33,69.9,1/2,.8,139.8,,
3210,entry,BK.STEA.,4,139.8,1,.8,139.8,,
3211,entry,BAS.,262,279.7,2,.8,139.8,,
3212,entry,GY.SY.,312,279.7,2,.8,139.8,,
3213,entry,BAS.,265,699.0,5,.8,139.8,,
3214,entry,BAS.,373,699.0,5,.8,139.8,,
3215,entry,LIM.,203,699.0,5,.8,139.8,,
3216,entry,BAS.,190,1397.6,10,.8,139.8,,
3217,entry,BAS.,264,1398.4,10,.8,139.8,,
3218,entry,HAEM.,HIPPO HEAD,1398.4,10,.8,139.8,,NUBT XVIII phi X
3219,entry,QTZITE,368,6988.,50,.8,139.8,,
3220,entry,GY.QTZOSE,21,139.9,1,.9,139.9,,
3221,entry,BAS.,254,279.8,2,.9,139.9,,
3222,entry,QTZITE,237,13988.,100,.9,139.9,,
3223,entry,BK.Y.SERP,265,70.0,1/2,140.0,140.0,,
3224,entry,BAS.,446,140.0,1,.0,140.0,,
3225,entry,ALAB.,395,140.0,1,.0,140.0,,
3226,entry,BAS.,63,559.8,4,.0,140.0,,-1.6
3226,continuation,,,1400.,10,.0,140.0,,SEE P
3227,entry,BAS.,336,2799.3,20,.0,140.0,,
3228,entry,BAS.,202,2801.0,20,.0,140.0,,
3229,entry,RED PORPH.,465,140.1,1,.1,140.1,,
3230,entry,BAS.,369,280.2,2,.1,140.1,,
3231,entry,BAS.,428,1401.0,10,.1,140.1,,
3232,entry,BAS.,263,2802.4,20,.1,140.1,,
3233,entry,HAEM.,149,2802.9,20,.1,140.1,,
3234,entry,ALAB.,386,70.1,1/2,.2,140.2,,
3235,entry,RED HAEM.,802,140.2,1,.2,140.2,,XVIII
3236,entry,ALAB.,144,2803.8,20,.2,140.2,,
3237,entry,BAS.,328,2804.1,20,.2,140.2,,
3238,entry,BAS.,71,14018.,100,.2,140.2,,
3239,entry,LIM.,RAM,21277.,150,.2,140.2,"grs: printed 21277., read as 21027. (21277/150 = 141.9 breaks the unit sequence (140.2); 21027/150 = 140.2)",phi XVI
3240,entry,BAS.,344,701.5,5,.3,140.3,,
3241,entry,ALAB.,368,701.6,5,.3,140.3,,
3242,entry,BAS.,482,701.7,5,.3,140.3,,XVIII
3243,entry,BAS.,482,1402.8,10,.3,140.3,,XVIII
3244,entry,BAS.,392,1403.0,10,.3,140.3,,
3245,entry,HAEM.,498,280.8,2,.4,140.4,,XVIII
3246,entry,ALAB.,331,280.8,2,.4,140.4,,
3247,entry,BAS.,334,280.9,2,.4,140.4,,
3248,entry,BK.SY.,384,7022.,50,.4,140.4,,
3249,entry,GY.SY.,429,14039.,100,.4,140.4,,
3250,entry,HAEM.,657,140.5,1,.5,140.5,,XVIII
3251,entry,BAS.,27,281.0,2,.5,140.5,,
3252,entry,BAS.,27,281.0,2,.5,140.5,,
3253,entry,BAS.,406,281.1,2,.5,140.5,,MEM.
3254,entry,BAS.,192,1405.0,10,.5,140.5,,
3255,entry,LIM.,525,1405.5,10,.5,140.5,,
3256,entry,LIM.,442,28100.,200,.5,140.5,,-150
3257,entry,BK.JASP.,465,140.6,1,.6,140.6,,
3258,entry,BAS.,795,703.2,5,.6,140.6,,no. cell blank in print
3259,entry,BAS.,263,1405.8,10,.6,140.6,,
3260,entry,BAS.,395,1406.0,10,.6,140.6,,IIIII
3261,entry,BAS.,352,2812.7,20,.6,140.6,,
3262,entry,BAS.,425,281.5,2,.7,140.7,,
3263,entry,BAS.,452,281.5,2,.7,140.7,,
3264,entry,RED.QTZITE,11,28135.,200,.7,140.7,,
3265,entry,BK.STEA.,617,70.4,1/2,.8,140.8,,-.1
3266,entry,BAS.,33,281.7,2,140.8,140.8,,
3267,entry,BAS.,356,563.4,4,.8,140.8,,MEM.
3268,entry,BK.QTZ,11,2816.2,20,.8,140.8,,
3269,entry,BR.QTZITE,18,28160.,200,.8,140.8,,-5
3270,entry,ALAB.,275,140.9,1,.9,140.9,,
3271,entry,BAS.,429,704.4,5,.9,140.9,,
3272,entry,ALAB.,915,845.3,6,.9,140.9,,TARKHAN
3272,continuation,,,3522.8,25,.9,140.9,,SEE K
3273,entry,BAS.,144,47.0,1/3,141.0,141.0,,
3274,entry,Y.BK.SERP.,197,47.0,1/3,.0,141.0,,
3275,entry,Y.LIM.,49,47.0,1/3,.0,141.0,,
3276,entry,BAS.,57,70.5,1/2,.0,141.0,,
3277,entry,JADEITE,933,70.5,1/2,.0,141.0,,
3278,entry,BAS.,258,282.0,2,.0,141.0,,
3279,entry,ALAB.,406,282.1,2,.0,141.0,,
3280,entry,LIM.,486,564.1,4,.0,141.0,,
3281,entry,BK.QTZOSE,13,705.,5,.0,141.0,,-13
3282,entry,ALAB.,264,282.2,2,.1,141.1,,
3283,entry,BK.QTZOSE,654,1410.9,10,.1,141.1,,GHUROB XXII
3284,entry,GY.SILIC.,394,2821.3,20,.1,141.1,,
3285,entry,HAEM.,429,70.6,1/2,.2,141.2,,
3286,entry,HAEM.,499,70.6,1/2,.2,141.2,,
3287,entry,HAEM.,505,70.6,1/2,.2,141.2,,MERNPTH
3288,entry,HAEM LEAD,493,282.5,2,.2,141.2,,XVIII
3289,entry,HAEM.,499,282.5,2,.2,141.2,,TARTUS XVI
3290,entry,BAS.,268,705.9,5,.2,141.2,,
3291,entry,LIM.,937,5646.6,40,.2,141.2,,
3292,entry,BAS.,312,47.1,1/3,.3,141.3,,
3292A,entry,BAS.,368,47.1,1/3,.3,141.3,,MEM.
3293,entry,GY.BAS.,393,141.3,1,.3,141.3,,
3294,entry,BAS.,418,1413.1,10,.3,141.3,,
3295,entry,ALAB.,402,1413.5,10,.3,141.3,,MERNPTH
3295A,entry,GRN.STONE,64,4238.,30,.3,141.3,,ZET ABYD 121
3296,entry,BK.SY.,458,7066.,50,.3,141.3,,
3297,entry,BAS.,267,70.7,1/2,.4,141.4,,
3298,entry,HAEM.,487,141.4,1,.4,141.4,,
3299,entry,BAS.,358,706.8,5,.4,141.4,,
3300,entry,BAS.,23,707.2,5,.4,141.4,,MEM.
3301,entry,BAS.,38,707.3,5,.4,141.4,,
3302,entry,BAS.,419,2828.8,20,.4,141.4,,
3303,entry,GY.SY.,2,2828.9,20,.4,141.4,,
3304,entry,GY.SY.,392,2829.0,20,.4,141.4,,MEM.
3305,entry,BAS.,497,5655.0,40,.4,141.4,,IIII XVI
3306,entry,BK.QTZOSE,426,141.5,1,.5,141.5,,
3307,entry,BAS.,328,707.4,5,.5,141.5,,
3308,entry,GY.SY.,11,1414.6,10,.5,141.5,,
3309,entry,BK.BAS.,316,28300.,200,.5,141.5,,-17
3310,entry,GY.GRAN.,38,28300.,200,.5,141.5,,-40
3311,entry,BAS.,313,70.8,1/2,.6,141.6,,
3312,entry,HAEM.,494,283.2,2,.6,141.6,,XVI
3313,entry,GY.SY.,442,1415.9,10,.6,141.6,,-.4
3314,entry,BAS.,331,1416.0,10,.6,141.6,,
3315,entry,BAS.,435,1416.1,10,.6,141.6,,GHUROB
3316,entry,LIM.,16,1416.3,10,.6,141.6,,
3317,entry,BAS.DRILL CAP,358,7078.,50,.6,141.6,,
3318,entry,BAS.,368,7080.,50,.6,141.6,,
3319,entry,GY.BAS.,333,35400.,250,.6,141.6,,-2
3320,entry,BR.QTZITE,261,56650.,400,.6,141.6,,-80
3321,entry,BAS.,264,283.5,2,.7,141.7,,
3322,entry,GY.QTZOSE,418,1417.4,10,.7,141.7,,
3323,entry,BK.SY.,237,7083.,50,.7,141.7,,
3324,entry,PINK GRAN.,238,28350.,200,.7,141.7,,-150
3325,entry,GY.MARB.,426,567.1,4,.8,141.8,,
3325A,entry,HAEM.,8985,708.9,5,.8,141.8,,PIERCED
3326,entry,BAS.,369,709.1,5,.8,141.8,,
3327,entry,BAS.,11,709.1,5,.8,141.8,,
3328,entry,BAS.,442,709.1,5,.8,141.8,,
3329,entry,BR.SY.,378,1418.5,10,141.8,141.8,,
3330,entry,LIM.,498,1418.3,10,.8,141.8,,KARNAK XVIII
3331,entry,GY.QTZOSE,10,3545.8,25,.8,141.8,,XXIII
3332,entry,BK.QTZOSE,17,141.9,1,.9,141.9,,XVIII
3333,entry,GN.MARB,692,283.9,2,.9,141.9,,QUFT XII
3334,entry,BK.SY.,422,709.5,5,.9,141.9,,
3335,entry,BR.FLINT,428,709.6,5,.9,141.9,,
3336,entry,BR.SERP.,655,1418.8,10,.9,141.9,,
3337,entry,SY.,256,2839.0,20,.9,141.9,,
3337A,entry,BAS.,331,71.0,1/2,142.0,142.0,,starred
3338,entry,LIM.,33,284.0,2,.0,142.0,,
3339,entry,BAS.,393,284.1,2,.0,142.0,,
3340,entry,BAS.,358,710.1,5,.0,142.0,,
3341,entry,GY.SY.,406,710.1,5,.0,142.0,,
3342,entry,ALAB.,358,1419.7,10,.0,142.0,,
3342,continuation,,,3549.0,25,.0,142.0,,SEE K
3342,continuation,,,3549.6,25,.0,142.0,,SEE K ditto
3343,entry,PINK LIM.,653,5680.,40,.0,142.0,,QUFT cartouche
3344,entry,SANDST.,629,7102.,50,.0,142.0,,XII
3345,entry,BAS.,436,7102.,50,.0,142.0,,
3346,entry,HAEM.,494,710.7,5,.1,142.1,,XVIII
3347,entry,ALAB.,649,5683.,40,.1,142.1,,GHUROB XVIII
3347A,entry,ALAB.,311,23.7,1/6,.2,142.2,,MEM.
3348,entry,BAS.,263,47.4,1/3,.2,142.2,,
3349,entry,ALAB.,397,71.1,1/2,.2,142.2,,
3350,entry,GY.QTZ.,426,71.1,1/2,.2,142.2,,
3351,entry,BAS.,426,142.2,1,.2,142.2,,
3352,entry,ALAB.,265,284.5,2,.2,142.2,,
3353,entry,BAS.,324,284.5,2,.2,142.2,,
3354,entry,BAS.,225,710.8,5,.2,142.2,,
3355,entry,BK.JASP.,126,711.1,5,.2,142.2,,
3356,entry,BAS.,262,711.2,5,.2,142.2,,
3357,entry,BAS.,20,1422.5,10,.2,142.2,,
3358,entry,LIM.,265,2843.5,20,.2,142.2,,
3358,continuation,,,5686.5,40,.2,142.2,,SEE P
3359,entry,ALAB.,801,284.6,2,.3,142.3,,GHUROB XVIII
3360,entry,BK.SY.,2,1422.8,10,.3,142.3,,
3360A,entry,HARD LIM.,597,1423.5,10,.3,142.3,,ZET.ABYD.329
3361,entry,BK.SY.,333,7113.7,50,.3,142.3,,
3362,entry,GY.QTZOSE,315,7116.,50,.3,142.3,,
3363,entry,GY.SY.,642,71.2,1/2,.4,142.4,,V
3364,entry,BK.BAS.,287,142.4,1,.4,142.4,,
3365,entry,ALAB.,428,142.4,1,.4,142.4,,
3365A,entry,ALAB.,797,3560.6,25,.4,142.4,,
3366,entry,BK.QTZOSE,25,7120.,50,.4,142.4,,
3367,entry,ALAB.,23,47.5,1/3,.5,142.5,,
3368,entry,BAS.,264,142.5,1,.5,142.5,,MERNPTH
3369,entry,GY.SY.,245,1425.2,10,.5,142.5,,
3370,entry,FLINT,54,3563.2,25,.5,142.5,,XXIII
3371,entry,HAEM.,524,7126.,50,.5,142.5,,XVIII
3372,entry,BAS.,33,71.3,1/2,.6,142.6,,
3373,entry,BAS.,232,71.3,1/2,.6,142.6,,
3374,entry,BAS.,402,285.2,2,.6,142.6,,
3375,entry,GY.SY.,422,285.2,2,.6,142.6,,
3376,entry,BAS.,311,285.3,2,.6,142.6,,
3377,entry,BAS.,350,713.0,5,.6,142.6,,
3378,entry,BAS.,328,713.1,5,.6,142.6,,
3379,entry,BK.GY.LIM.,23,1425.7,10,.6,142.6,,
3380,entry,GY.QTZOSE,653,2852.2,20,.6,142.6,,RIQQEH XII
3381,entry,BK.QTZOSE,55,2852.4,20,.6,142.6,,XXIII
3382,entry,GY.QTZOSE,351,71310.,500,.6,142.6,,-20
3383,entry,BAS.,268,142.7,1,.7,142.7,,
3384,entry,BAS.,339,285.4,2,.7,142.7,,
3385,entry,HAEM.,887,713.4,5,.7,142.7,,XVIII
3386,entry,BAS.,207,1426.8,10,.7,142.7,,
3387,entry,BR.QTZOSE,821,2855.4,20,.7,142.7,,
3388,entry,BK.QTZOSE,558,3567.1,25,.7,142.7,,XXIII
3389,entry,BK.STEA.,63,71.4,1/2,142.8,142.8,,XII
3390,entry,BAS.,202,285.7,2,.8,142.8,,
3391,entry,GY.SY.,254,714.2,5,.8,142.8,,
3392,entry,ALAB.,605,1428.5,10,.8,142.8,,NUBT
3393,entry,QTZITE,329,2856.0,20,.8,142.8,,MEM.
3394,entry,BAS.,245,2856.6,20,.8,142.8,,
3395,entry,BR.QTZITE,44,71400.,500,.8,142.8,,-550
3396,entry,BAS.,442,285.9,2,.9,142.9,,
3397,entry,BK.SY.,203,1429.0,10,.9,142.9,,
3398,entry,BAS.,331,2857.6,20,.9,142.9,,
3398,continuation,,,5715.,40,.9,142.9,,SEE P
3399,entry,GY.QTZ.,444,71.5,1/2,143.0,143.0,,
3400,entry,BRECCIA,801,1430.,10,.0,143.0,,-31
3401,entry,GY.SY.,317,2861.0,20,.0,143.0,,
3402,entry,GY.SY.,165,7152.5,50,.0,143.0,,
3403,entry,HAEM.,5,143.1,1,.1,143.1,,starred
3404,entry,GY.SY.,245,2862.2,20,.1,143.1,,
3404,continuation,,,3577.6,25,.1,143.1,,SEE K
3405,entry,BAS.,392,286.5,2,.2,143.2,,
3406,entry,BAS.,203,715.8,5,.2,143.2,,
3407,entry,BAS.,141,2863.1,20,.2,143.2,,
3407,continuation,,,5726.,40,.2,143.2,,SEE P
3408,entry,HAEM.,497,143.3,1,.3,143.3,,XVIII
3409,entry,ALAB.,338,286.7,2,.3,143.3,,
3410,entry,HAEM.,498,1432.6,10,.3,143.3,,XVIII
3411,entry,SY.,352,2866.0,20,.3,143.3,,
3412,entry,LIM.,842,2866.7,20,.3,143.3,,
3413,entry,BAS.,264,143.4,1,.4,143.4,,
3414,entry,BAS.,386,286.8,2,.4,143.4,,
3415,entry,BK.JASP.,19,717.2,5,.4,143.4,,
3416,entry,GY.SY.,264,143.5,1,.5,143.5,,
3417,entry,BAS.,349,143.5,1,.5,143.5,,
3418,entry,BAS.,442,287.0,2,.5,143.5,,
3419,entry,BAS.,235,5741.,40,.5,143.5,,
3420,entry,BK.GRAN.,313,28700.,200,.5,143.5,,-30
3421,entry,BR.QTZITE,264,28710.,200,.5,143.5,,-7
3422,entry,BAS.,394,71740.,500,.5,143.5,,-30
3423,entry,ALAB.,254,71.8,1/2,.6,143.6,,
3424,entry,GN.BK.LIM.,165,71.8,1/2,.6,143.6,,
3425,entry,BAS.,381,2872.7,20,.6,143.6,,
3425,continuation,,,5745.,40,.6,143.6,,SEE P
3426,entry,GY.SY.,359,7184.,50,.6,143.6,,
3427,entry,LIM.,33,47.9,1/3,.7,143.7,,
3428,entry,BAS.,262,47.9,1/3,.7,143.7,,
3429,entry,BAS.,338,287.5,2,.7,143.7,,
3430,entry,BAS.,21,574.7,4,.7,143.7,,
3431,entry,GY.SY.,54,5749.,25,.7,143.7,"x: printed 25, read as 40 (5749/40 = 143.7 matches the unit column)",KAHUN
3432,entry,BAS.,265,143.8,1,.8,143.8,,
3433,entry,BAS.,428,143.8,1,.8,143.8,,
3434,entry,HAEM.,497,719.2,5,.8,143.8,,XVII.
3435,entry,GY.METAM.,486,1438.1,10,.8,143.8,,XVIII
3436,entry,BAS.,356,1438.4,10,.8,143.8,,
3437,entry,ALAB.,426,2875.3,20,.8,143.8,,
3438,entry,LIM.,65,2877.2,20,.8,143.8,,KAHUN
3439,entry,BK.QTZOSE,558,3596.0,25,.8,143.8,,XXIII
3440,entry,BAS.,822,28770.,200,.8,143.8,,V
3441,entry,GY.QTZOSE,265,143.9,1,.9,143.9,,
3442,entry,BAS.,324,287.8,2,.9,143.9,,
3443,entry,BAS.,406,287.8,2,.9,143.9,,
3444,entry,BK.WT.SERP,448,287.8,2,.9,143.9,,
3445,entry,LIM.,913,1439.1,10,.9,143.9,,KAHUN XVIII
3446,entry,LIM.,497,1439.4,10,.9,143.9,,XVIII
3447,entry,BK.WT.SY.,33,48.0,1/3,144.0,144.0,,
3448,entry,GY.QTZOSE,20,72.0,1/2,.0,144.0,,
3449,entry,HAEM.,486,144.0,1,.0,144.0,,XVIII
3450,entry,LIM.,498,144.0,1,.0,144.0,,-.1
3451,entry,BAS.,344,144.0,1,.0,144.0,,
3452,entry,BAS.,373,288.1,2,144.0,144.0,,
3453,entry,LIM.,63,576.,4,.0,144.0,,IIII -1.8
3454,entry,HAEM.,397,719.9,5,.0,144.0,,GHUROB
3455,entry,BAS.,272,719.9,5,.0,144.0,,
3456,entry,BAS.,369,720.1,5,.0,144.0,,
3457,entry,GY.SY.,33,720.2,5,.0,144.0,,
3458,entry,GY.PORPH,245,7196.,50,.0,144.0,,
3459,entry,QTZITE.,207,14402.,100,.0,144.0,,
3460,entry,BAS.,32,144.1,1,.1,144.1,,
3461,entry,BAS.,366,288.3,2,.1,144.1,,
3462,entry,GY.QTZOSE,55,2882.3,20,.1,144.1,,MERNPTH
3463,entry,QTZITE.,382,7206.2,50,.1,144.1,,
3464,entry,LIM.,9,14415.,100,.1,144.1,,
3465,entry,BAS.,336,72.1,1/2,.2,144.2,,-.3
3466,entry,BK.STEA.,22,144.2,1,.2,144.2,,
3467,entry,BAS.,338,288.4,2,.2,144.2,,
3468,entry,BAS.,314,576.7,4,.2,144.2,,
3469,entry,BAS.,83,721.2,5,.2,144.2,,MERNPTH
3470,entry,RED SY.,345,5768.,40,.2,144.2,,
3471,entry,BAS.,254,48.1,1/3,.3,144.3,,
3472,entry,BAS.,26,144.3,1,.3,144.3,,
3473,entry,HAEM.,498,1442.8,10,.3,144.3,,XVIII
3474,entry,BAS.,265,72.2,1/2,.4,144.4,,
3475,entry,BAS.,202,72.2,1/2,.4,144.4,,
3476,entry,GY.SY.,33,72.2,1/2,.4,144.4,,
3477,entry,BK.QTZOSE,32,72.2,1/2,.4,144.4,,
3478,entry,SERP.,271,144.4,1,.4,144.4,,
3479,entry,BAS.,265,288.9,2,.4,144.4,,
3480,entry,BAS.,44,288.9,2,.4,144.4,,
3481,entry,Y.SERP.,32,721.8,5,.4,144.4,,
3482,entry,BAS.,446,722.1,5,.4,144.4,,
3483,entry,QTZITE,372,2888.4,20,.4,144.4,,
3484,entry,BAS.,653,5775.,40,.4,144.4,,QUFT cartouche V
3485,entry,GY.SY.,261,72200.,500,.4,144.4,,-20
3486,entry,BK.QTZOSE,335,289.1,2,.5,144.5,,
3487,entry,LIM.,452,722.7,5,.5,144.5,,
3488,entry,RED GRAN,256,72250.,500,.5,144.5,,
3489,entry,BK.SERP.,487,72.3,1/2,.6,144.6,,
3490,entry,BAS.,33,289.3,2,.6,144.6,,
3491,entry,GY.QTZOSE,387,1446.2,10,.6,144.6,,
3492,entry,BAS.,37,1446.4,10,.6,144.6,,
3493,entry,BAS.,314,2892.,20,.6,144.6,,-6
3494,entry,GY.SY.,317,28930.,200,.6,144.6,,-3
3495,entry,BAS.,262,289.4,2,.7,144.7,,
3496,entry,BAS.,393,289.4,2,.7,144.7,,
3497,entry,BAS.,33,1446.9,10,.7,144.7,,
3498,entry,BK.QTZOSE,82,7237.,50,.7,144.7,,
3499,entry,ALAB.,9156,144.8,1,.8,144.8,,TARKHAN
3500,entry,BK.QTZ.,496,144.8,1,.8,144.8,,BORED XVIII
3501,entry,GY.SY.,33,723.9,5,.8,144.8,,
3502,entry,HAEM.,498,1447.7,10,.8,144.8,,phi IX. XVIII
3503,entry,BAS.,245,2896.4,20,.8,144.8,,
3503,continuation,,,3621.4,25,.8,144.8,,SEE K
3504,entry,QTZITE.,315,14484.,100,.8,144.8,,
3505,entry,ALAB.,314,48.3,1/3,.9,144.9,,
3506,entry,SERP.,23,144.9,1,.9,144.9,,
3507,entry,BAS.,315,289.8,2,.9,144.9,,
3508,entry,GY.QTZOSE,265,289.8,2,.9,144.9,,
3509,entry,BAS.,324,289.9,2,.9,144.9,,
3510,entry,BK.QTZ,879,724.8,5,.9,144.9,,XXIII
3511,entry,BK.QTZOSE,702,1449.0,10,.9,144.9,,V
3512,entry,QTZITE,82,14489.,100,.9,144.9,,
3513,entry,GY.QTZOSE,352,72450.,500,.9,144.9,,-20
3514,entry,GN.LIM.,265,72.5,1/2,145.0,145.0,,
3515,entry,RED HAEM.,81,290.0,2,.0,145.0,,XVIII
3516,entry,BAS.,397,290.1,2,.0,145.0,,MEM.GLASS
3517,entry,BAS.,10,2899.6,20,.0,145.0,,
3518,entry,LIM.,57,58000.,400,145.0,145.0,,KAHUN XII -900 cartouche
3519,entry,GY.QTZOSE,264,145.1,1,.1,145.1,,
3520,entry,BAS.,346,145.1,1,.1,145.1,,
3521,entry,ALAB.,338,290.3,2,.1,145.1,,
3522,entry,BK.QTZ.,545,2902.7,20,.1,145.1,,
3523,entry,BAS.,338,48.4,1/3,.2,145.2,,
3524,entry,GY.SY.,33,48.4,1/3,.2,145.2,,
3525,entry,BAS.,328,290.4,2,.2,145.2,,
3526,entry,BAS.,202,290.4,2,.2,145.2,,
3527,entry,BK.QTZ.,369,2905.3,20,.2,145.2,,
3528,entry,BAS.,348,72600.,500,.2,145.2,,
3529,entry,BRECCIA,801,1452.6,10,.3,145.3,,MERNPTH
3529A,entry,HARD LIM.,598,1453.5,10,.3,145.3,,ZET ABYD 329
3530,entry,BAS.,33,1453.5,10,.3,145.3,,
3530,continuation,,,3632.7,25,.3,145.3,,SEE K
3531,entry,GY.SY.,823,7266.,50,.3,145.3,,
3532,entry,GY.SY.,386,145.4,1,.4,145.4,,
3533,entry,BAS.,337,726.8,5,.4,145.4,,
3534,entry,GY.SY.,262,1453.6,10,.4,145.4,,
3535,entry,GY.SY.,33,1453.7,10,.4,145.4,,
3536,entry,BK.SY.,333,1453.8,10,.4,145.4,,
3537,entry,BK.SY.,386,291.1,2,.5,145.5,,
3538,entry,ALAB.,206,291.0,2,.5,145.5,,-1.6
3539,entry,LIM.,215,291.1,2,.5,145.5,,MEM.
3540,entry,GY.MARB.,314,582.1,4,.5,145.5,,
3541,entry,ALAB.,9154,872.8,6,.5,145.5,,TARKHAN 1
3542,entry,GY.GRAN.,264,29100.,200,.5,145.5,,-8
3543,entry,GY.SY.,33,72.8,1/2,.6,145.6,,
3544,entry,BAS.,203,145.6,1,.6,145.6,,
3545,entry,HAEM.,645,727.8,5,.6,145.6,,XVIII
3546,entry,BAS.,406,728.3,5,.6,145.6,,
3547,entry,BAS.,624,1165.0,8,.6,145.6,,IIII V
3548,entry,DIORITE,727,2911.8,20,.6,145.6,,
3548,continuation,,,3641.0,25,.6,145.6,,SEE K
3549,entry,BAS.,263,7280.5,50,.6,145.6,,
3550,entry,BAS.,316,72830.,500,.6,145.6,,-50
3551,entry,GY.SY.,331,145.7,1,.7,145.7,,
3552,entry,LIM.,915,583.,4,.7,145.7,,KAHUN -1.5 XII
3553,entry,BK.QTZOSE,351,29150.,200,.7,145.7,,-5
3554,entry,BR.QTZITE,314,72860.,500,.7,145.7,,
3555,entry,BAS.,328,291.6,2,.8,145.8,,
3556,entry,BAS.,206,291.7,2,.8,145.8,,
3557,entry,BAS.,422,728.8,5,.8,145.8,,
3558,entry,BAS.,33,1457.8,10,.8,145.8,,
3559,entry,BAS.,33,1458.5,10,.8,145.8,,
3560,entry,HAEM.,493,291.8,2,.9,145.9,,XVIII
3561,entry,BAS.,324,291.8,2,.9,145.9,,
3562,entry,BAS.,442,291.9,2,.9,145.9,,
3563,entry,BAS.,429,1458.8,10,.9,145.9,,
3564,entry,BAS.,333,73.0,1/2,146.0,146.0,,
3565,entry,BAS.,323,73.0,1/2,.0,146.0,,
3566,entry,AMAZONITE,341,73.0,1/2,.0,146.0,,THEBES
3567,entry,LIM.,497,73.0,1/2,.0,146.0,,KARNAK XVIII
3568,entry,GY.STEA.,285,146.0,1,.0,146.0,,
3569,entry,BAS.,393,146.0,1,.0,146.0,,
3570,entry,BAS.,261,146.0,1,.0,146.0,,
3571,entry,GY.SY.,287,146.0,1,.0,146.0,,
3572,entry,BRECCIA,801,292.0,2,.0,146.0,,KARNAK XVIII
3573,entry,BAS.,312,292.0,2,.0,146.0,,
3574,entry,ALAB.,885,729.7,5,.0,146.0,,THEBES XVIII
3575,entry,LIM.,366,729.8,5,.0,146.0,,
3576,entry,GY.VOLC.,33,730.2,5,.0,146.0,,
3577,entry,BAS.,265,1460.,10,.0,146.0,,?K -1.2
3577,continuation,,,3651.3,25,.0,146.0,,SEE K
3578,entry,RED SY.,265,146000.,1000,.0,146.0,,
3579,entry,BAS.,271,146.1,1,.1,146.1,,
3580,entry,BAS.,446,7305.7,50,.1,146.1,,
3581,entry,RED SY.,32,14610.,100,.1,146.1,,
3582,entry,ALAB.,335,73.1,1/2,146.2,146.2,,
3583,entry,BAS.,262,146.2,1,.2,146.2,,
3584,entry,BAS.,344,292.4,2,.2,146.2,,DEFENNEH
3585,entry,BAS.,426,292.5,2,.2,146.2,,
3586,entry,MALACHITE,352,585.,4,.2,146.2,,-4.5
3587,entry,BAS.,422,730.9,5,.2,146.2,,
3588,entry,BAS.,258,731.2,5,.2,146.2,,MEM.GLASS
3589,entry,GY.SY.,426,731.1,5,.2,146.2,,
3590,entry,LIM.,397,29250.,200,.2,146.2,,-70
3591,entry,BAS.,254,146.3,1,.3,146.3,,
3592,entry,GY.STEA.,657,292.7,2,.3,146.3,,QUFT XII
3593,entry,GY.SY.,393,292.7,2,.3,146.3,,
3594,entry,BAS.,11,438.9,3,.3,146.3,,caret mark
3595,entry,BAS.,337,1463.3,10,.3,146.3,,
3596,entry,DURITE,425,2925.4,20,.3,146.3,,
3597,entry,BAS.,393,73.2,1/2,.4,146.4,,
3598,entry,GLZD QTZ.,384,73.2,1/2,.4,146.4,,
3599,entry,BAS.,126,732.2,5,.4,146.4,,QUFT
3600,entry,BAS.,338,2928.2,20,.4,146.4,,
3601,entry,BK.QTZ.,55,2928.4,20,.4,146.4,,
3602,entry,GY.SY.,642,7319.7,50,.4,146.4,,XII
3603,entry,BK.LIM.,267,732.5,5,.5,146.5,,-.5
3604,entry,BAS.,265,2930.1,20,.5,146.5,,
3605,entry,GY.SY.,392,7323.,50,.5,146.5,,
3606,entry,GY.BAS.,328,29300.,200,.5,146.5,,
3607,entry,GY.SY.,16,73.3,1/2,.6,146.6,,
3608,entry,BAS.,254,293.2,2,.6,146.6,,
3609,entry,GY.SY.,353,733.0,5,.6,146.6,,
3610,entry,BK.QTZOSE,8,3665.6,25,.6,146.6,,XXIII
3610,continuation,,,5863.,40,.6,146.6,,SEE P
3611,entry,QTZITE,364,14656.,100,.6,146.6,,
3612,entry,RED GRAN,256,73300.,500,.6,146.6,,
3613,entry,BR.HAEM.,494,146.7,1,.7,146.7,,SYRIA XVIII
3614,entry,BAS.,425,146.7,1,.7,146.7,,
3615,entry,BAS.,334,293.5,2,.7,146.7,,THEBES
3616,entry,GY.SY.,321,293.5,2,.7,146.7,,
3617,entry,GY.SY.,333,733.6,5,.7,146.7,,
3618,entry,BAS.,329,733.7,5,.7,146.7,,
3618,continuation,,,3668.5,25,.7,146.7,,SEE K
3619,entry,HAEM.,51,73.4,1/2,.8,146.8,,XVIII
3620,entry,HAEM.,368,73.4,1/2,.8,146.8,,
3621,entry,BK.JASP.,12,293.7,2,.8,146.8,,
3622,entry,BK.SY.,331,1468.1,10,.8,146.8,,
3623,entry,BAS.,422,2935.7,20,.8,146.8,,
3623,continuation,,,3670.2,25,.8,146.8,,SEE K
3624,entry,HAEM.,49,146.9,1,.9,146.9,,XVIII
3625,entry,BR.SERP.,338,146.9,1,.9,146.9,,QUFT
3626,entry,BAS.,313,293.9,2,.9,146.9,,
3627,entry,LIM.,369,1468.6,10,.9,146.9,,
3628,entry,LIM.,674,1469.0,10,.9,146.9,,
3629,entry,BR.SY.,316,2939.0,20,.9,146.9,,
3630,entry,JADE,28,49.0,1/3,147.0,147.0,,DEFENNEH
3631,entry,BAS.,262,73.5,1/2,.0,147.0,,starred
3632,entry,HAEM.,803,73.5,1/2,.0,147.0,,XVIII
3633,entry,BAS.,275,294.1,2,.0,147.0,,
3634,entry,BAS.,373,294.1,2,.0,147.0,,
3635,entry,BAS.,203,1470.4,10,.0,147.0,,
3636,entry,GY.QTZOSE,372,2939.8,20,.0,147.0,,
3637,entry,BAS.,329,7351.,50,.0,147.0,,
3638,entry,QTZITE,358,7352.,50,.0,147.0,,
3639,entry,BAS.,333,7349.,50,.0,147.0,,
3640,entry,ALAB. rude,657,58800.,400,.0,147.0,,-10
3641,entry,BAS.,315,73520.,500,.0,147.0,,-40
3642,entry,HAEM.,12,147.1,1,.1,147.1,,
3643,entry,BAS.,262,294.2,2,.1,147.1,,
3644,entry,BAS.,336,294.2,2,.1,147.1,,
3645,entry,BAS.,252,2941.4,20,.1,147.1,,
3646,entry,BAS.,33,2942.7,20,147.1,147.1,,
3647,entry,BK.QTZOSE,333,2943.0,20,.1,147.1,,
3648,entry,GY.SY.,331,73.6,1/2,.2,147.2,,
3648A,entry,GOLD,RING,147.2,1,.2,147.2,,
3649,entry,BAS.,261,147.2,1,.2,147.2,,
3650,entry,BAS.,275,735.9,5,.2,147.2,,MEM.
3651,entry,BAS.,498,1471.6,10,.2,147.2,,XVIII
3652,entry,BR.QTZITE,55,2944.3,20,.2,147.2,,
3652,continuation,,,5890.,40,.2,147.2,,SEE P
3653,entry,LIM.,262,7360.,50,.2,147.2,,
3654,entry,BAS.,33,1473.4,10,.3,147.3,,
3655,entry,BR.SY.,429,2945.2,20,.3,147.3,,
3656,entry,ALAB.,256,73.7,1/2,.4,147.4,,
3657,entry,GY.SY.,331,147.4,1,.4,147.4,,
3658,entry,HAEM.+LEAD,493,294.9,2,.4,147.4,,TARTUS XVIII
3659,entry,GY.SY.,275,294.9,2,.4,147.4,,
3660,entry,GY.SY.,369,1474.4,10,.4,147.4,,
3661,entry,BAS.,265,2948.3,20,.4,147.4,,
3661,continuation,,,5898.,40,.4,147.4,,SEE P
3662,entry,BK.QTZOSE,9,7368.,50,.4,147.4,,
3663,entry,BK.BAS.,256,29475.,200,.4,147.4,,-2
3664,entry,BAS.,428,147.5,1,.5,147.5,,
3665,entry,BAS.,344,295.0,2,.5,147.5,,
3666,entry,GY.SY.,57,737.3,5,.5,147.5,,QUFT XII
3667,entry,BAS.,387,1474.6,10,.5,147.5,,
3668,entry,BK.QTZOSE,375,14753.,100,.5,147.5,,
3669,entry,BAS.,264,49.2,1/3,.6,147.6,,
3670,entry,BAS.,328,147.6,1,.6,147.6,,
3671,entry,GY.SY.,325,1476.0,10,.6,147.6,,
3672,entry,BAS.,27,1476.2,10,.6,147.6,,
3672A,entry,LIM.,645,2214.3,15,.6,147.6,,ZET ABYD 30
3673,entry,ALAB.,653,2952.4,20,.6,147.6,,IIII KAHUN
3674,entry,ALAB.,33,295.4,2,.7,147.7,,
3675,entry,GY.BAS.,422,295.4,2,.7,147.7,,
3676,entry,BK.JASP.,698,591.0,4,.7,147.7,,V
3677,entry,HAEM.,885,738.6,5,.7,147.7,,MARATHUS
3678,entry,BAS.,350,1477.1,10,.7,147.7,,
3679,entry,BAS.,368,2954.9,20,.7,147.7,,
3679,continuation,,,3691.4,25,.7,147.7,,SEE K
3680,entry,RED SY.,261,59100.,400,.7,147.7,,
3681,entry,BAS.,338,739.2,5,.8,147.8,,
3681,continuation,,,3694.5,25,.8,147.8,,SEE K
3682,entry,HAEM.,499,295.8,2,.9,147.9,,XVIII
3683,entry,BAS.,265,295.9,2,.9,147.9,,
3684,entry,BAS.,448,295.9,2,.9,147.9,,
3685,entry,BK.SY.,285,295.9,2,.9,147.9,,
3686,entry,DIORITE,82,1479.6,10,.9,147.9,,GIZEH V
3687,entry,BK.QTZOSE,63,5918.,40,.9,147.9,,XXIII
3687A,entry,BK.QTZOSE,611,7396.,50,.9,147.9,,ZET ABYD 46
3688,entry,BAS.,331,74.0,1/2,148.0,148.0,,
3689,entry,BAS.,314,296.0,2,.0,148.0,,
3690,entry,BAS.,11,740.0,5,.0,148.0,,
3691,entry,BAS.,261,740.1,5,.0,148.0,,
3692,entry,ALAB.,406,740.2,5,.0,148.0,,
3693,entry,BAS.,285,1480.3,10,.0,148.0,,
3694,entry,BAS.,802,2959.9,20,.0,148.0,,
3694A,entry,WT.LIM.,692,2960.,20,.0,148.0,,AMENEMHAT III -500
3695,entry,GY.QTZOSE,11,148.1,1,.1,148.1,,
3696,entry,Y.BK.SERP.,263,1481.0,10,.1,148.1,,
3696,continuation,,,5926.5,40,.1,148.1,,SEE P
3697,entry,GY.BAS.,314,29620.,200,.1,148.1,,
3698,entry,GY.BAS.,271,29615.,200,.1,148.1,,-3
3699,entry,BAS.,252,74.1,1/2,.2,148.2,,
3700,entry,BK.PORPHY,8,148.2,1,.2,148.2,,
3701,entry,BK.SY.,393,148.2,1,.2,148.2,,
3702,entry,GY.SY.,327,296.5,2,.2,148.2,,
3703,entry,BAS.,202,593.2,4,.3,148.3,,
3704,entry,BAS.,338,741.7,5,148.3,148.3,,
3705,entry,GY.SY.,363,1483.0,10,.3,148.3,,
3706,entry,BAS.,446,296.8,2,.4,148.4,,
3707,entry,BAS.,331,296.9,2,.4,148.4,,
3708,entry,ALAB.,64,593.6,4,.4,148.4,,XII
3709,entry,QTZITE,356,5939.2,40,.4,148.4,,
3710,entry,GY.SY.,262,49.5,1/3,.5,148.5,,
3711,entry,BAS.,264,49.5,1/3,.5,148.5,,
3712,entry,BK.QTZOSE,611,297.0,2,.5,148.5,,XII
3713,entry,GY.SY.,263,742.8,5,.5,148.5,,-.6
3714,entry,GY.SY.,33,297.2,2,.6,148.6,,
3715,entry,BR.LIM.,373,2971.8,20,.6,148.6,,
3715,continuation,,,5946.0,40,.6,148.6,,SEE P
3716,entry,GY.SY.,315,148.7,1,.7,148.7,,
3717,entry,BAS.,328,74.4,1/2,.8,148.8,,
3718,entry,BAS.,165,74.4,1/2,.8,148.8,,
3719,entry,BAS.,285,148.8,1,.8,148.8,,MEM.
3720,entry,HAEM.,387,297.7,2,.8,148.8,,
3721,entry,BAS.,3255,1487.6,10,.8,148.8,,
3722,entry,PORPH.,MACE,2975.5,20,.8,148.8,,
3722,continuation,,,3719.4,25,.8,148.8,,SEE K
3723,entry,HAEM.,493,297.8,2,.9,148.9,,XVIII
3724,entry,BAS.,11,1489.0,10,.9,148.9,,
3725,entry,QTZITE,33,14890.,100,.9,148.9,,
3726,entry,BAS.,262,74.5,1/2,149.0,149.0,,
3726A,entry,SY.,9238,149.,1,.0,149.0,,-1.9
3727,entry,BK.SY.,21,745.1,5,.0,149.0,,
3728,entry,BAS.,,1489.8,10,.0,149.0,,
3729,entry,ALAB.,256,149000.,1000,.0,149.0,,-1400
3730,entry,BAS.,350,149.1,1,.1,149.1,,
3731,entry,GY.SY.,262,149.1,1,.1,149.1,,
3732,entry,BAS.,369,745.3,5,.1,149.1,,
3733,entry,BK.SY.,338,1491.1,10,.1,149.1,,
3734,entry,BAS.,19,7453.,50,.1,149.1,,phi IX
3735,entry,CHALCEDONY,DUCK,74.6,1/2,.2,149.2,,JERUSALEM
3736,entry,BAS.,482,298.5,2,.2,149.2,,MEM.
3737,entry,GY.SY.,312,596.7,4,.2,149.2,,
3738,entry,BAS.,258,1491.7,10,.2,149.2,,
3738,continuation,,,5967.,40,.2,149.2,,SEE P -80
3739,entry,GY.SY.,18,29850.,200,.2,149.2,,
3740,entry,BK.BAS.,346,29840.,200,.2,149.2,,
3741,entry,FLINT,9,2986.8,20,.3,149.3,,
3742,entry,BAS.,392,298.8,2,.4,149.4,,
3743,entry,GY.SY.,32,298.9,2,.4,149.4,,
3744,entry,BR.ALAB.,692,597.7,4,.4,149.4,,GEBELEYN XII
3745,entry,LIM.,344,747.?,5,.4,149.4,,
3746,entry,LIM.,642,1494.7,10,.4,149.4,,IIIIIIII -V
3747,entry,BAS.,254,2988.5,20,.4,149.4,,
3747,continuation,,,5979.,40,.4,149.4,,SEE P -90
3748,entry,BAS.,19,7470.,50,.4,149.4,,
3749,entry,RED SY.,32,59750.,400,.4,149.4,,
3750,entry,BAS.,33,149.5,1,.5,149.5,,
3751,entry,BAS.,46,149.5,1,.5,149.5,,
3752,entry,BAS.,32,598.1,4,.5,149.5,,
3753,entry,BAS.,337,747.3,5,.5,149.5,,
3754,entry,GY.QTZOSE,422,29900.,200,.5,149.5,,
3755,entry,BAS.,442,74.8,1/2,.6,149.6,,
3756,entry,BAS.,384,74.8,1/2,.6,149.6,,
3757,entry,BK.QTZOSE,125,149.6,1,.6,149.6,,
3758,entry,HAEM.,496,299.3,2,.6,149.6,,XVIII
3759,entry,GY.SY.,295,747.8,5,.6,149.6,,
3760,entry,GY.QTZOSE,55,2991.3,20,.6,149.6,,
3760,continuation,,,3740.0,25,.6,149.6,,SEE K
3761,entry,BAS.,382,2991.7,20,.6,149.6,,
3762,entry,LIM.,7,7479.,50,.6,149.6,,
3763,entry,BAS.,264,14958.,100,.6,149.6,,
3764,entry,BK.BAS.,326,29912.,200,.6,149.6,,
3765,entry,BAS.,33,49.9,1/3,149.7,149.7,,
3766,entry,BAS.,33,299.4,2,.7,149.7,,
3767,entry,GY.SY.,373,748.5,5,.7,149.7,,
3768,entry,LIM.,428,1496.8,10,.7,149.7,,
3769,entry,GY.SY.,60,5990.,40,.7,149.7,,XXIII
3770,entry,GY.QTZOSE,315,7486.3,50,.7,149.7,,
3771,entry,QTZITE,328,7487.,50,.7,149.7,,rough
3772,entry,ALAB.,384,74.9,1/2,.8,149.8,,
3773,entry,GN.SERP.,203,149.8,1,.8,149.8,,
3774,entry,BR.MARB,32,149.8,1,.8,149.8,,
3775,entry,BAS.,429,1498.2,10,.8,149.8,,
3775,continuation,,,374.5,5/2,.8,149.8,,SEE K
3776,entry,ALAB.,386,149.9,1,.9,149.9,,
3777,entry,BAS.,448,149.9,1,.9,149.9,,
3778,entry,BAS.,446,299.8,2,.9,149.9,,
3779,entry,BAS.,429,1499.5,10,.9,149.9,,
3779,continuation,,,5994.,40,.9,149.9,,SEE P
3780,entry,LIM.,342,5997.,40,.9,149.9,,
3781,entry,ALAB.,436,50.0,1/3,150.0,150.0,,
3782,entry,BAS.,356,300.0,2,.0,150.0,,
3783,entry,GY.SERP.,11,600.1,4,.0,150.0,,
3784,entry,BAS.,428,750.1,5,.0,150.0,,
3785,entry,BAS.,372,1500.2,10,.0,150.0,,
3785A,entry,GN.GLZ.,696,7500.,50,.0,150.0,,hieroglyph -230
3786,entry,GY.SY.,692,15000.,100,.0,150.0,,-40
3787,entry,BAS.,426,150.1,1,.1,150.1,,
3788,entry,BAS.,12,150.1,1,.1,150.1,,DEFENNEH
3789,entry,GY.SY.,33,300.2,2,.1,150.1,,
3790,entry,GY.QTZOSE,265,75.1,1/2,.2,150.2,,DEFENNEH
3791,entry,BK.QTZOSE,235,75.1,1/2,.2,150.2,,
3791A,entry,BAS.,31,150.2,1,.2,150.2,,MEM.
3792,entry,BAS.,333,150.2,1,.2,150.2,,
3793,entry,ALAB.,627,150.3,1,.3,150.3,,XVIII
3794,entry,BAS.,424,150.3,1,.3,150.3,,DEFENNEH
3795,entry,GY.SY.,MACE,1503.5,10,.3,150.3,,MEROE phi XVI
3796,entry,BAS.,33,1503.5,10,.3,150.3,,
3797,entry,RED SY.,245,3006.2,20,.3,150.3,,
3798,entry,ALAB.,265,75.2,1/2,.4,150.4,,
3799,entry,BAS.,263,300.8,2,.4,150.4,,
3800,entry,BAS.,33,300.8,2,.4,150.4,,
3801,entry,BAS.,338,751.8,5,.4,150.4,,
3802,entry,BAS.,372,752.0,5,.4,150.4,,MERNPTH
3803,entry,BK.JASP.,57,1503.7,10,.4,150.4,,XXIII
3804,entry,GY.SY.,311,1504.4,10,.4,150.4,,
3805,entry,GY.SY.,215,15040.,100,.4,150.4,,
3806,entry,BAS.,238,150400.,1000,.4,150.4,,-10
3807,entry,GY.SY.,262,150.5,1,.5,150.5,,
3808,entry,BAS.,213,150.5,1,.5,150.5,,
3809,entry,ALAB.,262,150.5,1,.5,150.5,,
3810,entry,BAS.,344,301.0,2,.5,150.5,,
3811,entry,BAS.,427,752.5,5,.5,150.5,,
3812,entry,ALAB.,155,3010.7,20,.5,150.5,,
3813,entry,BAS.,351,6019.,40,.5,150.5,,XXIII
3814,entry,Y.RED LIM.,498,301.2,2,.6,150.6,,QUFT XVIII
3815,entry,QTZITE,356,1506.4,10,.6,150.6,,
3816,entry,SANDSTN.,337,7529.,50,.6,150.6,,
3816A,entry,GOLD,SHELL,150.7,1,.7,150.7,,TA-AA SCARABS XXIII
3817,entry,BK.SY,197,753.7,5,.7,150.7,,
3818,entry,GY.QTZOSE,11,30150.,200,.7,150.7,,
3819,entry,BAS.,335,75.4,1/2,.8,150.8,,
3820,entry,BAS.,314,753.9,5,.8,150.8,,
3821,entry,BAS.,497,754.0,5,.8,150.8,,XVIII
3822,entry,BAS.,654,754.0,5,.8,150.8,,V
3823,entry,LIM.,375,754.0,5,.8,150.8,,
3824,entry,QTZITE,27,754.2,5,.8,150.8,,
3825,entry,GY.SILIC.,262,50.3,1/3,.9,150.9,,
3826,entry,BK.SY.,446,754.4,5,.9,150.9,,MEM.
3826,continuation,,,604.3,4,151.0,151.0,,SEE P
3827,entry,ALAB.,803,604.0,4,.0,151.0,,GEBELEYN
3828,entry,BAS.,427,302.3,2,.1,151.1,,
3828,continuation,,,3776.3,25,.1,151.1,,SEE K
3829,entry,RED SY.,314,30220.,200,.1,151.1,,rough
3830,entry,BAS.,268,75.6,1/2,.2,151.2,,
3831,entry,QTZ.CRYST.,33,75.6,1/2,.2,151.2,,
3832,entry,BK.QTZ.,373,1511.8,10,.2,151.2,,
3833,entry,RED QTZITE,558,3023.6,20,.2,151.2,,
3834,entry,GY.QTZOSE,437,3023.8,20,.2,151.2,,
3835,entry,ALAB.,483,302.6,2,.3,151.3,,XVIII
3836,entry,BAS.,165,756.3,5,.3,151.3,,
3837,entry,BK.QTZ.,DRILL CAP,3027.4,20,.3,151.3,,
3837,continuation,,,3783.5,25,.3,151.3,,SEE K
3838,entry,Y.LIM.,653,22700.,300,.3,151.3,"x: printed 300, read as 150 (22700/150 = 151.3 matches the unit column)",KAHUN -600 XI cartouche
3839,entry,BAS.,265,302.8,2,.4,151.4,,
3840,entry,BAS.,271,757.1,5,.4,151.4,,
3841,entry,SY.,364,1514.2,10,.4,151.4,,
3842,entry,GY.SY.,353,75720.,500,.4,151.4,,
3843,entry,HAEM.,1,151.5,1,.5,151.5,,
3844,entry,HAEM.,493,151.5,1,.5,151.5,,XVIII
3845,entry,FLINT,486,151.5,1,.5,151.5,,XVIII
3846,entry,RED SY.,258,6060.,40,.5,151.5,,
3847,entry,ALAB.,152,151.6,1,.6,151.6,,KAHUN
3848,entry,BAS.,265,151.7,1,.7,151.7,,
3849,entry,BAS.,425,758.6,5,.7,151.7,,
3850,entry,BK.STEA.,295,1517.0,10,.7,151.7,,
3851,entry,LIM.,465,60680.,400,.7,151.7,,rough
3852,entry,BAS.,331,303.6,2,.8,151.8,,
3853,entry,ALAB.,258,303.6,2,.8,151.8,,
3854,entry,BR.MARB.,744,303.6,2,.8,151.8,,A
3855,entry,BAS.,337,151.9,1,.9,151.9,,
3856,entry,HAEM.,494,303.9,2,.9,151.9,,TARTUS XVIII
3857,entry,BAS.,275,303.9,2,.9,151.9,,
3858,entry,GY.PORPH.,10,759.5,5,.9,151.9,,
3859,entry,BAS.,426,3038.4,20,.9,151.9,,
3860,entry,BAS.,263,3039.3,20,.9,151.9,,
3861,entry,BAS.,238,6078.,40,.9,151.9,,
3862,entry,BAS.,11,607.9,4,152.0,152.0,,
3863,entry,RED SY.,33,30400.,200,.0,152.0,,
3864,entry,GY.SY.,323,30402.,200,.0,152.0,,
3865,entry,ALAB.,313,304.2,2,.1,152.1,,
3866,entry,GY.SY.,33,76.1,1/2,.2,152.2,,
3867,entry,BAS.,331,152.2,1,.2,152.2,,
3867A,entry,ALAB.,4952,913.0,6,.2,152.2,,
3867A,continuation,,,608.7,4,.2,152.2,,SEE P
3868,entry,GY.STEA.,653,1522.,10,.2,152.2,,-4 V
3869,entry,GY.SY.,33,76100.,500,.2,152.2,,
3870,entry,SERP.,65,1522.7,10,.3,152.3,,-4.4 XI
3870,continuation,,,6093.,40,.3,152.3,,SEE P
3871,entry,GY.SY.,33,50.8,1/3,.4,152.4,,
3872,entry,GY.SY.,191,6097.,40,.4,152.4,,
3872A,entry,SANDSTN,605,3050.,2,.5,152.5,"grs: printed 3050., read as 305.0 (305.0/2 = 152.5 matches the unit column)",DEN ABYD 2A
3873,entry,BAS.,395,305.1,2,.5,152.5,,
3874,entry,GY.SY.,334,76272.,500,.5,152.5,,
3875,entry,RED SY.,12,6121.,40,153.0,153.0,,
3876,entry,Y.LIM. LEAD PLUG,803,6140.,40,.5,153.5,,HELIOPOLIS -140
