no,row,section,form,now_grs,change,original_grs,x,unit_printed,unit_grs,detail
4915,entry,stater,333,258.5,14,267,2,133.5,133.5,
4916,entry,stater,336,270.0,2.8,267,2,,133.5,
4917,entry,stater,60,70.5,3.5,67,1/2,134.,134.0,SLATE
4918,entry,stater,60,67.3,.7,67,1/2,,134.0,ALEX.
4919,entry,stater,60,133.6,.9,134,1,,134.0,
4920,entry,stater,SNAKE HEAD,134.6,1,134,1,,134.0,phi IX
4921,entry,stater,256,134.9,2.9,134,1,,134.0,
4922,entry,stater,58,133.0,2.5,134,1,,134.0,
4923,entry,stater,333,132.9,3.5,134,1,,134.0,
4924,entry,stater,301,136.5,2.5,134,1,,134.0,
4925,entry,stater,BULL HEAD,134.6,.3,134.3,1,,134.0,phi IX
4926,entry,stater,MAN HEAD,270.8,2.3,268.5,2,,134.0,phi IX
4927,entry,stater,53,271.0,2.8,268,2,,134.0,RIQQEH
4928,entry,stater,58,540.2,12,536,4,,134.0,SMYRNA
4929,entry,stater,26,674.8,4.6,670,5,,134.0,
4930,entry,stater,265,668.0,2.,670,5,,134.0,MEM.
4931,entry,stater,74,268.5,0,268.5,2,134.2,134.2,delta=4 QUS
4932,entry,stater,52,415.0,12.,403,3,.3,134.3,III GY.STER
4933,entry,stater,314,263.4,11.5,269,2,.5,134.5,
4934,entry,stater,58,277.1,8.,269,2,.5,134.5,ALEX
4935,entry,stater,327,271.6,1.9,269,2,,134.5,
4936,entry,stater,60,543.7,6.,538,4,,134.5,
4937,entry,stater,338,669.7,5.6,673.5,5,.7,134.7,
4938,entry,stater,WOLF HEAD,1345.8,2.,1348,10,.8,134.8,HAEM T. phi
4939,entry,stater,BULL HEAD,1354.1,6,1348,10,.8,134.8,AMARNA phi
4940,entry,stater,321,44.5,1.2,45,1/3,135.,135.0,
4941,entry,stater,326,45.1,1.3,45,1/3,,135.0,
4942,entry,stater,623,135.3,.7,135,1,,135.0,
4943,entry,stater,927,270.4,4.5,270,2,,135.0,
4944,entry,stater,3255,679.3,9.5,675,5,,135.0,GHUROB
4945,entry,stater,265,667.8,27.,675,5,,135.0,
4946,entry,stater,605,677.1,1.,677,5,135.4,135.4,ASKLEPIO phi IX
4946d,entry,stater,9156,270.4,2.4,271,2,.5,135.5,
4947,entry,stater,64,17.0,0,17.0,1/8,136,136.0,
4948,entry,stater,575,24.3,1.6,22.7,1/6,,136.0,ALEX.
4949,entry,stater,60,34.0,.1,34,1/4,,136.0,
4950,entry,stater,60,35.1,.7,34,1/4,,136.0,
4951,entry,stater,63,68.5,1.2,68,1/2,,136.0,
4952,entry,stater,622,68.3,.4,68,1/2,,136.0,
4953,entry,stater,622,135.6,3.0,136,1,,136.0,
4954,entry,stater,262,134.8,1.5,136,1,,136.0,ALEX.
4955,entry,stater,58,137.0,.7,136,1,,136.0,
4956,entry,stater,58,274.3,2.,272,2,,136.0,
4957,entry,stater,58,540.8,3.1,544,4,,136.0,SMYRNA
4958,entry,stater,60,2041.0,17.,2040,15,,136.0,
4959,entry,stater,623,277.1,4.5,272.5,2,,136.0,
4960,entry,stater,621,33.3,1.1,34.2,1/4,136.8,136.8,
4961,entry,stater,57,136.5,2.5,137,1,137,137.0,QUS
4962,entry,stater,623,548.8,10,539,8,137.2,137.2,III H ALEX
4963,entry,stater,623,23.5,.5,23.,1/6,138.,138.0,
4964,entry,stater,254,45.6,1.2,46.,1/3,,138.0,
4965,entry,stater,58,67.4,3.3,69,1/2,,138.0,ALEX.
4966,entry,stater,SEED,69.5,.1,69,1/2,,138.0,SICILY
4967,entry,stater,60,140.0,2.3,138,1,,138.0,
4968,entry,stater,58,138.3,.3,138,1,,138.0,ALEX.
4969,entry,stater,622,71.1,.5,71,1/2,142.,142.0,A=1
4970,entry,stater,58,144.7,3.,142,1,,142.0,
4971,entry,stater,14,11.9,0,11.9,1/12,142.8,142.8,SMYRNA
4972,entry,stater,58,72.4,.7,72,1/2,144.,144.0,ALEX.
4973,entry,stater,60,289.0,4.5,289,2,144.5,144.5,
4973d,entry,stater,625,74.7,3.2,71.5,1/2,143,143.0,ALEX
4974,entry,stater,62,24.0,.9,24.1,1/6,144.6,144.6,
4975,entry,stater,60,145.0,3.7,145,1,145.,145.0,
4976,entry,stater,58,145.7,2.3,147,1,147.,147.0,
4977,entry,stater,60,12.2,.3,12.3,1/12,147.6,147.6,
4978,entry,qedet,324,141.5,4.8,137.,1,137.,137.0,
4978d,duplicate,qedet,337,690.3,10,686,5,.2,137.2,
4979,entry,qedet,26,69.6,.7,69.,1/2,138.,138.0,
4979d,duplicate,qedet,344,141.1,3.,138.,1,,138.0,
4980,entry,qedet,335,684.2,10.,690,5,,138.0,
4981,entry,qedet,33,66.6,4.3,69.,1/2,,138.0,O mark
4982,entry,qedet,326,696.8,9.7,694.3,5,.9,138.9,LEAD FILLING
4982d,duplicate,qedet,32,148.5,9.,139.,1,139.,139.0,
4983,entry,qedet,494,140.0,1.,139.,1,,139.0,
4984,entry,qedet,235,136.0,2.8,139.,1,,139.0,
4985,entry,qedet,262,272.7,7.5,278,2,,139.0,TREASURY glyph
4986,entry,qedet,FROG,277.2,2.3,278,2,,139.0,
4987,entry,qedet,338,699.5,3.,696,5,.2,139.2,
4987d,duplicate,qedet,265,692.4,8.,696,5,.2,139.2,
4988,entry,qedet,262,47.1,.7,46.5,1/3,.5,139.5,
4989,entry,qedet,26,281.5,12.,279,2,,139.5,
4990,entry,qedet,338,280.8,2,279,2,,139.5,
4991,entry,qedet,LION,27866.,30,27900,200,,139.5,LIM.
4992,entry,qedet,339,140.4,2.6,140,1,140.0,140.0,
4993,entry,qedet,334,140.5,2.6,140,1,,140.0,
4993d,duplicate,qedet,338,150.7,11.,140,1,,140.0,
4993d,duplicate,qedet,338,281.7,5.,280,2,,140.0,
4993d,duplicate,qedet,33,299.7,20.,280,2,,140.0,
4994,entry,qedet,265,672.8,30.,700,5,,140.0,
4994d,duplicate,qedet,324,692.4,12.,700,5,,140.0,
4995,entry,qedet,334,702.8,3.,700,5,,140.0,DEFENEH
4995d,duplicate,qedet,324,708.0,18.,702,5,140.4,140.4,
4996,entry,qedet,333,281.7,5.,281,2,.5,140.5,
4997,entry,qedet,331,46.8,1.2,47,1/3,141.,141.0,
4998,entry,qedet,623,47.1,.5,47,1/3,,141.0,LEAD
4999,entry,qedet,428,140.5,2.1,141,1,,141.0,
4999d,duplicate,qedet,324,143.5,3.6,141,1,,141.0,
4999d,duplicate,qedet,23,146.1,5.2,141,1,,141.0,
4999d,duplicate,qedet,338,138.0,15.,141,1,,141.0,
4999d,duplicate,qedet,33,149.6,8.7,141,1,,141.0,MEM.
5000,entry,qedet,23,280.2,2.,282,2,,141.0,
5001,entry,qedet,366,282.0,6.,282,2,,141.0,
5002,entry,qedet,884,711.4,5.,706,5,141.2,141.2,LEAD
5003,entry,qedet,262,713.9,15.,707,5,.4,141.4,LEAD FILLING
5004,entry,qedet,643,284.5,1.2,283,2,.5,141.5,
5004d,duplicate,qedet,356,704.5,9.,708,5,.6,141.6,
5005,entry,qedet,33,73.0,3.,71,1/2,142.,142.0,X
5005d,duplicate,qedet,338,73.7,3.,71,1/2,,142.0,
5006,entry,qedet,337,142.5,2.5,142,1,,142.0,
5007,entry,qedet,337,142.5,2.6,142,1,,142.0,
5007d,duplicate,qedet,338,143.5,1.2,142,1,,142.0,
5008,entry,qedet,364,283.6,4.,284,2,,142.0,
5009,entry,qedet,324,287.6,3.,284,2,,142.0,
5009d,duplicate,qedet,366,288.0,10.,284,2,,142.0,
5010,entry,qedet,,692.4,17.,710,5,,142.0,
5011,entry,qedet,324,699.7,10.,710,5,,142.0,
5011d,duplicate,qedet,338,1430.1,9.,1421,10,.1,142.1,
5012,entry,qedet,327,718.0,7.,711,5,.2,142.2,
5012d,duplicate,qedet,337,720.3,8.,712,5,.4,142.4,
5012d,duplicate,qedet,324,729.0,17.,712,5,.4,142.4,
5012d,duplicate,qedet,334,283.0,9.,285,2,.5,142.5,
5012d,duplicate,qedet,366,288.0,5.,285,2,.5,142.5,
5013,entry,qedet,333,710.2,6.,714,5,.8,142.8,
5013d,duplicate,qedet,33,72.7,1.2,71.5,1/2,143.0,143.0,
5013d,duplicate,qedet,338,145.6,2.2,143,1,,143.0,
5014,entry,qedet,,144.5,3.7,143,1,,143.0,LEAD
5015,entry,qedet,74,142.9,.1,143,1,,143.0,BK.STEA.
5016,entry,qedet,366,285.4,3.,286,2,,143.0,
5017,entry,qedet,262,293.3,7.,286,2,143.,143.0,
5018,entry,qedet,33,145.5,2.4,143,1,,143.0,
5019,entry,qedet,344,713.6,4.,716,5,.2,143.2,
5019d,duplicate,qedet,364,283.5,3.5,287,2,.5,143.5,
5020,entry,qedet,312,287.0,6.,287,2,,143.5,
5021,entry,qedet,338,287.7,2.,287,2,,143.5,1
5021d,duplicate,qedet,344,287.8,5.,287,2,,143.5,
5021d,duplicate,qedet,335,721.2,3.,718,5,.6,143.6,
5022,entry,qedet,23,72.2,.2,72,1/2,144.,144.0,
5023,entry,qedet,336,72.9,1.,72,1/2,,144.0,
5024,entry,qedet,338,138.5,8.,144,1,,144.0,
5024d,duplicate,qedet,338,145.0,3.6,144,1,,144.0,
5024d,duplicate,qedet,338,146.7,4.6,144,1,,144.0,
5024d,duplicate,qedet,33,150.8,7.,144,1,,144.0,
5024d,duplicate,qedet,338,287.4,5.,288,2,,144.0,
5024d,duplicate,qedet,338,723.0,1.,722,5,.4,144.4,
5025,entry,qedet,344,283.2,6.,289,2,.5,144.5,
5025d,duplicate,qedet,338,288.0,5.,289,2,,144.5,
5025d,duplicate,qedet,338,300.0,19.,289,2,,144.5,
5025d,duplicate,qedet,265,293.8,9.,289,2,,144.5,
5025d,duplicate,qedet,262,742.1,18.,724,5,.8,144.8,
5026,entry,qedet,57,144.5,.5,145,1,145.,145.0,LEAD ALEX
5026d,duplicate,qedet,338,150.7,5.6,145,1,,145.0,
5027,entry,qedet,63,144.3,1.9,145,1,,145.0,
5027d,duplicate,qedet,312,290.2,4.,290,2,,145.0,
5027d,duplicate,qedet,324,715.6,9.,725,5,,145.0,
5028,entry,qedet,366,293.5,10.7,290.7,2,.3,145.3,MEM. SET OF 4
5028d,duplicate,qedet,324,730.6,3.,727,5,.4,145.4,
5028d,duplicate,qedet,333,292.5,2.,291,2,.5,145.5,
5029,entry,qedet,337,293.7,3.,291,2,,145.5,MERENPTH
5030,entry,qedet,BULL HEAD,302.7,11.,291,2,,145.5,GHUROB
5030d,duplicate,qedet,338,725.4,4.5,728,5,.6,145.6,
5031,entry,qedet,265,731.6,3.,729,5,.8,145.8,
5031d,duplicate,qedet,335,73.1,3.,73,1/2,146.,146.0,
5031d,duplicate,qedet,338,145.6,2.,146,1,,146.0,
5032,entry,qedet,353,147.1,3.,146,1,,146.0,
5033,entry,qedet,36,292.5,14.,292,2,,146.0,
5033d,duplicate,qedet,364,298.8,7.,292,2,,146.0,
5034,entry,qedet,306,1474.6,14.,1460,10,,146.0,phi IX
5035,entry,qedet,338,725.4,5.5,730,5,,146.0,
5036,entry,qedet,337,729.6,4.,730,5,,146.0,
5037,entry,qedet,324,710.8,20.,730,5,,146.0,
5038,entry,qedet,337,1475.8,12.,1464.,10,.4,146.4,
5038d,duplicate,qedet,364,288.8,4.,293,2,.5,146.5,
5039,entry,qedet,33,292.6,2.,293,2,,146.5,
5039d,duplicate,qedet,366,277.3,12.,293,2,,146.5,
5040,entry,qedet,339,304.3,23.,293,2,,146.5,
5040d,duplicate,qedet,338,735.5,8.,733,5,.6,146.6,
5041,entry,qedet,338,734.2,5.,733,5,,146.6,
5042,entry,qedet,333,734.4,5.,733,5,,146.6,
5042d,duplicate,qedet,33,147.4,.6,147,1,147.0,147.0,
5043,entry,qedet,36,295.6,2.,294,2,,147.0,QUS
5044,entry,qedet,304,693.5,46.,735,5,,147.0,ABYD.DEN glyph
5044d,duplicate,qedet,324,742.0,9.,735,5,,147.0,
5045,entry,qedet,838,1471.2,6.,1470,10,,147.0,
5046,entry,qedet,45,150.5,11.,147.4,1,.4,147.4,MEM. SET OF 4
5046d,duplicate,qedet,333,293.5,14.,295,2,.5,147.5,
5047,entry,qedet,354,590.4,0,590,4,,147.5,
5048,entry,qedet,494,739.2,11.,738,5,.6,147.6,SYRIA
5049,entry,qedet,337,1495.2,24.,1476,10,,147.6,MEM. SET OF 4
5050,entry,qedet,DOVE,74.3,.6,74,1/2,148.0,148.0,phi IX
5051,entry,qedet,623,74.7,3.7,74,1/2,,148.0,LEAD
5052,entry,qedet,623,146.8,3.5,148,1,,148.0,LEAD
5052d,duplicate,qedet,335,149.3,3.,148,1,,148.0,
5052d,duplicate,qedet,335,150.5,2.,148,1,,148.0,
5053,entry,qedet,66,297.8,5.4,296,2,148.0,148.0,DEFENEH
5053d,duplicate,qedet,33,299.0,3.,296,2,,148.0,
5053d,duplicate,qedet,333,297.8,3.7,296,2,,148.0,
5054,entry,qedet,873,301,7.,296,2,,148.0,LEAD PLUMMET
5055,entry,qedet,346,592.6,3.3,592,4,,148.0,DEFENEH
5056,entry,qedet,262,712.9,30,740,5,,148.0,
5056d,duplicate,qedet,338,300.0,3.,297,2,.5,148.5,
5056d,duplicate,qedet,337,744.8,1.7,743,5,.6,148.6,
5056d,duplicate,qedet,337,742.2,4.,744,5,.8,148.8,
5057,entry,qedet,337,146.5,2.5,149,1,149.,149.0,ALEX. LEAD
5058,entry,qedet,425,148.4,.7,149,1,,149.0,
5059,entry,qedet,353,149.9,1.5,149,1,,149.0,
5060,entry,qedet,335,150.6,1.2,149,1,,149.0,
5060d,duplicate,qedet,335,151.6,2.,149,1,,149.0,
5060d,duplicate,qedet,353,294.5,7.,298,2,,149.0,
5060d,duplicate,qedet,33,295.1,17.5,298,2,,149.0,
5061,entry,qedet,32,296.3,4.5,298,2,,149.0,
5062,entry,qedet,338,297.8,2.,298,2,,149.0,
5063,entry,qedet,267,731.9,22.,745,5,,149.0,
5064,entry,qedet,333,744.6,0,745,5,,149.0,
5065,entry,qedet,206,601.1,17.,596,4,,149.0,
5066,entry,qedet,36,300.0,2.,298.5,2,.2,149.2,
5066d,duplicate,qedet,335,749.3,3.,746,5,.2,149.2,
5067,entry,qedet,337,1497.8,5.,1493,10,.3,149.3,
5068,entry,qedet,900,744.6,5.5,747,5,.4,149.4,
5069,entry,qedet,267,753.5,6.,747,5,,149.4,
5070,entry,qedet,623,39.6,1.8,37.5,1/4,150.0,150.0,
5071,entry,qedet,364,50.6,.4,50,1/3,,150.0,
5072,entry,qedet,311,50.7,2.8,50,1/3,,150.0,
5073,entry,qedet,BULL HEAD,75.3,.6,75,1/2,,150.0,phi IX
5073d,duplicate,qedet,338,72.8,2.,75,1/2,,150.0,
5073d,duplicate,qedet,335,74.6,1.1,75,1/2,,150.0,
5074,entry,qedet,324,75.5,1.5,75,1/2,,150.0,
5075,entry,qedet,FACE,149.5,1.7,150,1,,150.0,
5076,entry,qedet,324,149.7,2.,150,1,,150.0,
5076d,duplicate,qedet,339,737.6,11.8,750,5,,150.0,
5076d,duplicate,qedet,338,769.5,20.,750,5,,150.0,
5076d,duplicate,qedet,334,744.4,8.,752,5,.4,150.4,
5076d,duplicate,qedet,337,758.3,6.,752,5,,150.4,
5077,entry,qedet,353,602.1,.5,602,4,.5,150.5,
5078,entry,qedet,33,749.8,3.,753.,5,.6,150.6,
5079,entry,qedet,337,757.3,4.,753,5,,150.6,
5080,entry,qedet,306,1547.5,41.,1506,10,,150.6,
5081,entry,qedet,337,75.8,1.5,75.5,1/2,151.0,151.0,
5082,entry,qedet,SCARB,152.9,1.7,151,1,,151.0,SCARAB
5083,entry,qedet,FROG,150.3,1.,151,1,,151.0,phi IX
5084,entry,qedet,144,294.6,10.,302,2,,151.0,
5084d,duplicate,qedet,324,758.5,6.8,755,5,,151.0,
5085,entry,qedet,335,748.2,7.,755,5,,151.0,
5085d,duplicate,qedet,338,763.6,9.,755,5,,151.0,
5086,entry,qedet,304,746.8,9.,756,5,.2,151.2,
5087,entry,qedet,323,306.0,3.,303,2,.5,151.5,
5088,entry,qedet,33,745.9,12.,758,5,.6,151.6,
5089,entry,qedet,333,309.0,4.7,304,2,152.,152.0,
5090,entry,qedet,337,296.8,7.,304,2,,152.0,
5091,entry,qedet,338,310.6,11.,304,2,,152.0,
5092,entry,qedet,327,761.0,1.,760,5,,152.0,
5093,entry,qedet,264,47.0,4.6,51,1/3,153,153.0,
5094,entry,qedet,33,29710.,1300,31000.,200,155.,155.0,HANDLE LOOP
5095,entry,qedet,33,315.2,4.4,313.7,2,156.8,156.8,MEM. SET OF 4
