No.,Material,Form ,GRS,X,Unit,Detail
3076,LIM.,,542,4,355,-2
7,BAS.,53,2751,2,1375,
F,BAS.,324,1376,,I 6,
9,BAS,393,137-6,A,6,
3080,DURITE,145,1376,".
1",6,
1,QY.MARS,32,1376-0,,4,
2,GY.SERP.,573,3757,,6,
3,BAS.,,$7620 14.404,,4,
+,OY.ST.,",",.878,,"6
4","SECH
GHUROB"
7,HAEM.,412,4078,F,6,
4,BEQTZOSE,139,3761-,100,,
7,BAS.,153,,,7,
B,BAS.,262,137-7,.,7,
9,BAS.,487,377-4,14,,X
3090,BAS.,401,3774,10,"7
7",
1,BAS.,422,3766,,M,
Ł,STATEOS,584,3779,,7,-27
3,AK-JASP.,544,,,"U
0",
4,QTZITE,347,2754 5 34454,15,5 0,SEEK
S,-,144,3776-,150,8,
&,BAS.,792,1379,4,9,XVIII
7,BAS.,32,,1,9,
8,BAS.,264,27F 8,Z,",",
?,BAS.,313,175 8,1,",",
3100,DURITE,314,3447-0,15,"9
38-0",SEEK
,BAS.,380,,,C,
Z,BROTZITE,442,,400,0,nnon -6500
3,ALAB.,$73,6997,៛,4,HAA AB MA
4,BAS,TM4,13807,,I,XI
5,BAS.,41,1381-1,,1,
4,BEST.,18,1382,#,1,
7,LIM.,314,276-5,2,2,
M,BAS.,341,2745,&,2,
",",BAS,352,274-5,2,Z,
3110,SERP.,803,491-2,F,2,KARNAK KW IM
,BAS.,354,1381-6 1763-3,,2,
1,BE,195,,20,Z,
3,n,,2763-5,20,2,
4,BAS.,64,1764/7,,1,XI
S,RED,,,,2,-10
S,GY.SY.,2b,"27650.
46.",,3,
7,YME,154,444,,",",
R,BAS,31,138 3,I,3,
9,ALAB,417,6914,5,3,
1110,SERA,493,+97,F,a,XM 14
!,BAS.,192,383 5,10,3,
£,BA,38,2746-5,20,3,
3,BK.SY.,40,1766-6,,3,
4,BAS.,345,274 6,2,4,
F,UM.,14,176 8,Z,A,KANUN
6,BAS.,498,6910,$,4,XVIII
?,BAS.,440,62.1,5,1,
8,BAS.,2.32,13:40,,4,
9,BRATZOSE,54,2768-3,20,4,XI
3130,MAS.,,6919-,FO,4,
#,BAS.,156,277,Z,5,
Z,BAS.,LF6,41,هـ,$,
,BRED,344,69250,,S,-170
4,GT.I,35%,69250,594,,$ = 10
$,RED,314,134500,,,5 -7ª
,5/B&WT-SY,,,492/3,,0
No,TELM,X,UNT,,MATERIAL,-
3+37,+93,A,1364,5201,BAS.,341
E,207,,.,Z,BAS,
9 BAS.,254,2,4,3,BAS,
3146,53.8,.,6,,+BM.ATZ.,392
1 DIGRITE,646,,6,€,BAS.,314
"2
Z",368,2.0,6,&,BK BAS,795
DURITE,247,1,.7,,,
4,499,.,7,7,AY.SY.,235
S DURITE,40,"A
.",7,E,BAS,317
6,333,&,7,,SK. BAS,
7,454,.,4,3210,SK.STEA.,4
5,333,.,&,,BAS,262
9,803,10,.,2,GY SY.,312
BAS.,367,10,.,3,BAS.,255
*,419,50,8,4,SAS.,373
2,262,.,9,5,LIM.,253
3|QYQT2056,57,,9,6,BAS.,199
4,416,10,7,3,BAS.,144
S BAS.,59,20,9,5.,HAEM,-
& BWATIOS,695,,1390,9,ATENTE,364
*,474,,.,220,GYAT GYATZOSE,21
e 8,32,.,0,1,BAS,254
BAS,344,2,0,,EQTZITE,237
31 0,448,5,8,5,BK-F-SERR,265
1,9,Q,0,4,BAS.,446
2 BAS.,492,A,0,S,ALAB.,396
3,202,4,4,6,BAS.,53
4 BAS.,378,2,.A,,,
5 BAS.,418,2,+I,,BAS.,316
6 LIM.,395,3 -,3,&,B.AS.,202
7 BAS.,57,5,1,,FRED PONHASS,
6 BAS.,345,10,V,MIMO,BAS.,359
,34784,15,4,#,BAS,418
", DK. BAS.",17010,,#,2,DAS.,243
3170,203,,1,3,HAEM,149
1 BK.LIM.,694,,2,4,ALAB.,394
2 DURITE,415,I,2,,FRED HAEM.,802
"BAS
電",419,1,-Z,6,ALAB,144
4 ALAB.,330,៛,-Ł,7,BAS.,318
5 LIM.,913,,7,6,BAS,71
A BASY.,9,25,2,9,LIN.,
7,439,,Z,,3248BAS.,144
8 DURITE,54,#,3,1,ALAB.,368
,3919,19,3,E,BAS.,482
. OY SY.,369,50,1,34,BAS.,482
3180,34.8,,3,4,BAS.,392
B GY. SY-,353,100,J,,THATM.,498
Z LIM.,,,3 +xvi,6,ALA B.,331
&BA ATZITE,41.,590,3,7,BAS.,334
4,156,,4,6,BKSY.,384
5 ALAB,78,.,4,9,GY-SY.,419
6 BAS.,3IZ,9 1,4,1050,HAEM-,4ST
7 ALAB,28,1,4,1,BAS.,27
6 GYATTASE,406,,4,2,BAS.,27
9 BA.SY.,387,5,,3,BAS.,
94,79,,5,4,BAS.,192
HAEM,499,V/3,&,$,LIM.,$25
I ALAB.,262,E,5,6,LIM.,442
2BAS,63,4,?,7,BEJAŞK,445
S BN BAS.,497,",",S xvm,,BAD.,795
4 ALAB.,3955,10,$,9,BAS.,163
S BAS.,348,280,S,,BAS.,315
6 WTATLITE,17900,100,5,1,DAS.,
7 NE OT ZOSE,312,"0 ""/2",6,2,BAS.,415
. BK BAS.,69.,,6,3,as.,452
9 BAS.,344,1,6,4,REJETZITE,11
3.200,697-9,S,& MEM.,,SINK STEA.,617
3364,,,LAIT,৳ *,a,
,BRATZ,11,20 4 2,,8,
,BRATZITE,18,18165.,,#,-5
9176,ALAB.,175,1499,. 1,9,
,SER.P.,197,47-0,,0,
,LIM.,49,47-0,,,
,JADEITE,933,79-5,,O,
,ALAB.,406,281-1,Z,-0,
3180,,486,5341,4 M,0,
,BRATZOM,13,7.5.,5,,
,ALAB,184,262-2,Ł,..,
,BE-QTZAMI,454,1419-9,,+,GHURDE
,SILIC,394,2811-3,,.1,
,HAEM.,429,70%,,2,
,HAEM.,499,79-6,,2,
,HAEM.,505,70 6,,1,
,ML LEAD,4 93,183-5,2,2,
,HAEM,499,181-5,Z,1,"TARTUS,"
3290,,168,JA51,5,,
,LIM.,337,1344-6,40,=,
,BAS.,3&#,41-1,,3,MEM.
,BAS.,393,141-3,#,3,
,BAS,418,1413-1,O,3,
,ALAB,,14:3.5,,a,
,GRINSTONI,64,4138.,,2,
,BK.ST.,458,To&&,,3,
,BAS,167,797,,,
,HAEM.,43,141.4,1,4,
,BAS,358,204-8,"""",M,
3300,BAS.,23,7.7 2,5,4,MEM.
,BAS.,38,7.73,5,4,
,BAS.,419,,,4,
,SY.,Ł,25 18-,,4,
,"""",392,2829-0,,4,HEM.
,BAS,497,,10,4,
,ATZASE,426,1415,4,5,
,BAS,328,7.74,5,,
,SY.,11,14146,,,
,BAS.,316,18300,,S,
3310,BY.GRAN,38,21346,,,
,BAS,3.13,70-8,V,.6,
,HAEM-,494,2431,2,,
,SY.,441,14 59,,,=
,BAS.,331,1416,0 10,,
,BAL,435,1416-1,0,,CHUMB
,LIM,6,414-3,,6,
,BAŞ. DKIL,CAP,7070-,,,
,BAS,,7080,,,
,GY-BAS,333,35404-1,150,6,
3310,BA-ATLITE,16,5665,,$,
,BAS,244,243-5,a,9,
,CHATLOSE,418,4/74,10,,
,SY.,237,7413,,3,
,HALS,,$67-,4 F,B,
,HAEM.,,7.8,"""",V,PttLES
,BAS,369,799-1,5,,
,BAS.,1,1-9-1,S,8,
,BAS,443,7-9-1,5,#,
,Y.,378,AIES,10,41-8,
3334,,418,14183,,8,MAMAK
,AYKUT,10,3945-8,,.,
1,₾,7,141-9,#,9,
3,SN-MARE,692,"201-,",4,",",AUFT
4,SY.,411,741-5,N,2,
S,B&-FLINT,418,7096,$,9,
.,DR-SEAP.,,4184,,7,
7,,,1839-6,,9,
"*
.",,33,1940,L,0,
334,,958,710-1,$,0,
#,GY.5%.,,7194,#,O,
2,B.,358,1411-7,19,o,
3,LIM,453,5684-,40,0,nn
4,SANDST.,419,7161,,0,
$,,436,7101,,O,
6,,490,7.,#,·A,
7,,649,F683.,40,1,
#,,149,474,¥3,2,
+,ALAB.,397,7H,,2,
3150,,426,7+4,,2,
I,,414,1411,₡,2,
Ł,ALAB-,265,2.845,2,2,
3,,314,2845,L,2,
4,,,789-8,y,2,
5,JASP.,,7H-1,$,2,
6,,242,7112,¥,2,
7,,,1411-5,,2,
8,,,18435,,2,
y,,,284-6,&,3,GHURDE
3360,BA.ST.,2,1411-8,0,,
A,BK-SY-,333,TM13-7,,3,
2,ATEASE,3IS,,,3,
3,,,,M,4,
4,BAS.,287,1424,R,"M
4",
5,ALAB,418,1424,#,,
EA,B.,197,3540-6,,4,
6,BRATEDSE,25,7110.,,4,
7,,13,47.5,3,5,
5,,264,1425,.,S,MEAN
9,,245,14252,,$,
3170,,54,15132,25,5,
I,HAEN.,524,7126,,$,
2,,33,713,A,€,
3,,232,71-3,,6,
4,,492,2454,2,,
5,,422,LF52,2,6,
4,,311,285-3,1,€,
7,,350,7 13-D,S,,.
8,,328,713-1,5,,
*,LIM,23,14157,0,.,
3380,,,16/22,20,,. LIRACM
,-,55,2852-4,20,6,
,-,351,71310.,,.6,
3,,268,1427,#,7,
4,,337,2154,2,y,
$,HAEM,187,7134,៛,,7
6,,207,1426-8,0,,7
T,,,28154,,,3
,+,598,3567-4,15,,7
9389,BK.STEA.,63,7.4,,,
5346,,201,1957,2,5,
1,Av.5Y,214,,#,.,
,LALAB.,,1413-5,19,*,HUST
>,ATZITE,119,23500,,a,HEM.
4,,145,,10,.,
G,BRATZITE,44,11409,,$,-$50
6,,442,2651,L,2,
7,AK.SY.,203,4190,,₱,
8,,331,28.576,,9,
9,ATZ.,444,715,2,1430,
3-400,BRECCIA,801,,10,0,-31
,LOYSY.,165,7152-5,50,0,
,HAEM.,"""",1431,4,,
*,,,,20,-,
1,,392,,2,¥,
.,,203,7158,$,4,
2,,44,,,2,
,BHAEM.,497,143-3,#,,
.,,338,286-7,"A
2",,
410,HAEM,418,431-6,10,3,
8,,352,,,,
2,,842,8647,20,",",
3,,244,1434,M,4,
4,,986,2.848,&,,
S,AILJASR,,717-2,F,4,
4,,144,143-5,4,S,
7,,349,143-5,- N,$,
B,,442,2.87-0,¿,5,
1416,AKGRAN,313,18700,,$,-30
1,BRATZITE,264,,,F,-7
2,,994,T'746,,",",-30
,LIM,145,,,&,
$,,351,1872/7,LA,,
6,SY.,359,7184,50,6,
7,,33,471,,,
A,,262,479,13,M,
MM,,,574-7,4,A,
,SY.,54,$749,,7,KAHON
2,,265,143-8,4,4,
3,,428,1438,N,.,
4,,,7192,5,3,
,RETAM,,434-1,o,®,
6,,,438-4,,d,
7,ALAB.,424,,,8,
4,,65,1677 2,,9,KARUN
9,QTZASE,558,35910,2.5,8,
344ª,,,,,.,
1,GY-ATZASE,265,143-9,1,9,
2,,314,2678,Z,9,
3,,406,2078,a,9,
4,,445,1974,Z,9,
$,,13,439-1,,9,KAMUN
6,,497,4394,,9,
7,BENT.SY.,33,419,13,1449,
.,ATLOSE,,72-0,,0,
·,,486,1440,V,0,
3450,,498,1440,N,0,-- I
1,,3-44,1440,1,O,
3452,,373,28a.,¿,144-0,
,HAEM,397,7.99,F,,
5,,172,7:1-1,5,0,
6,,169,7194,5,0,
7,,,72+1,F,0,
A,PORPH,245,719%,,O,
"9
,",ATZITE.,207,,,0,
3466,,,144,1,+4,
1,,366,218-3,Z,1,
2,GYATZOSE,,,,1,MEANPTH
,ATZITE.,382,7204/2,,-I,
4,,9,4415.,150,·1,
1,,,7:1,Va,#,
6,BK-STEA,,144-2,1,7,
7,,338,2114,Z,1,
#,,314,57%7,4,,
9,,83,721-2,5,2,MERNPTH
347,SY,345,,40,2,
1,,254,,,3,
2,,16,144/3,1,3,
1,HAEM.,418,14428,,A,NWWI
4,,265,,2,4,
$,,202,,,,
6,,33,72-2,,4,
7,BRATZISE,,712,,4,
A,BEAR,271,1444,.,4,
9,,265,288-9,Z,4,
3480,,,ZLA-9,L,4,
,Y.SERP.,32,7218,¥,4,
2,,446,722-1,$,4,
,QTZITE,,,,4,
,GY.SY.,,72.100-,500,4,-20
,BRATZASE,335,219,2,5,
,GRAN,256,72150,500,S,
,SERP,487,713,,,.
3490,BAS,33,281-3,2,4,
1,GLATZOSE,387,14-46,2 o,&,
2,BAS,37,14484,,6,
,BAS.,314,2.892-,20,6,=6
,SY.,317,,,6,-3
,BAS,,1894,2,7,
,BAS.,393,287 4,2,.7,
,ATZOSE,32,7297.,,7,
,ALAB.,,.448,I,6,TARKIAN E
3500,ATZ,496,1446,1,E,"BORED,"
,ST.,,723,1 S,&,
,HAEM.,,1447 T,0,$,
,BAS.,245,28944,,B,
,ATZITE.,315,14484,,E,
,ALAB.,314,48.3,,,
,SEAP,23,144,1 1,,
,BAS,315,189-8,Z,",",
,QTHOSE,265,LIS a,Z,9,
351,QTZ,,724,8 S,4,XXII
,ATROSE,,14490,,9,V
,ATZITE,,4449.,,·9,
,GLATZASE,352,72450-,50,1,-2.
,LIM.,265,72.5,,1450,
,HAEM,31,190-0,2,O,AWIM
,"BAS,",397,2.90-1,2,0,MEM GLASS
,LIM.,$7,F8000.,,410,SAMSUN AH
,GYATZASE,,1451,.,4,
3522,BAŞ.,34b,1451,.,1,.
A,ALAB.,338,2963,2,1,
2,BK-QTZ.,545,L9037,20,-1,
3,BAS,33#,40 4,,2,
4,GY.SY.,33,43-4,,2,
S,BAS.,918,190-4,2,2,
A,DAS.,,194-4,Z,2,
7,AK-ATZ.,369,1945-3,20,Z,
A,AAS,348,72400,,#,
",",BRECCIA,,452-6,10,3,HEANPTN
,HARD LIM,,453-$,10,3,ZETABYR31
3530,BAS.,33,1453-5,10,3,
1,GY.SY.,,7244,,D,
Z,,386,1454,.,4,
3,BAS.,337,716-4,$,4,
4,SY SY,142,1453-0,,4,
$,,33,4537,,4,
",",BK. SY.,933,4538,,4,
7,,386,19+1,₹,6,
.,ALAB.,106,1914,1,5,-1-4
,LIM.,215,1911,&,5,MEM.
3541,GY. MARS,314,5811,4,5,
I,ALAB,,171-8,.,$,TARTHAN
2,GY GRAN,244,,200,5,
3,GY.SY.,33,728,,6,
4,BAS,203,1456,1,6,
S,HAEM,445,7278,$,6,*WI
6,BAS.,406,718-3,SF,6,
T,BAS.,614,,$,6,.... V
R,DIO RUTE,727,,10,.,
·,BAN,263,,,4,
3550,BAS,316,,,6,-50
.,,331,145-7,1,7,
Z,LIM.,,SE3.,4,1,
3,OKATZASE,351,29150-100,,7,
4,BRATZITE,314,,,7,
$,BAS,318,291-6,2,.,
4,"BAS,",,211-7,2,8,
7,BAS.,422,7284,5,"A
#",
B,BAS.,33,4-57&,o,&,
9,BAS.,33,45%-5,,,
3560,HACM.,491,1918,*,9,XVII
.,BAS.,324,2918,Z,1,
1,BAS.,442,1119,2,9,
3,BAS.,429,14638,o,9,
4,BAS.,333,,,,
$,BAS.,313,73-0,,O,
6,AMAZONSTE,341,73-0,,0,THEMES
7,LIM.,497,,,0,I KARNAK XVII
,BGY.STEA.,,146-0,I,,
9,BAS,393,1440,J,O,
3578,"BAS.
B",261,146 0,₡,D,
1,GY.SY.,287,1460,#,0,
Z,BREGLIA,,2910,2,0,"KARNAK,I'VE"
3,BAS.,,2920,₺,e,
4,ALA B.,885,71977,$,0,"THEBES, KVIN"
5,LIM.,,7294,f,0,
4,GY.VOLC,33,7302,F,0,
,BAS,265,,,S,
.,RED SY.,,"4,400",,0,1K
9,BAS.,17.,146-1,N,,
,BAS,446,73457,$D,1 M,
,RED ST.,32,14410,,,
,ALAB.,339,731,A,1442,
3,BAS.,251,146-2,R,1,
4,DAS.,344,1934,Z,2,DEFINNEN
5,DAS.,414,292-5,2,2,
4,,,SAF,4,2,-4$
7,BAS.,,7309,៛,₡,
.,BAS,150,7312,£,2,MEM.GLASS
9,GY.5Y.,414,731,$,2,
1596,LIM.,317,,,Z,
I,BAŞ.,154,1443,#,9,
2,,&#7,1787,4,0,X11
3,,393,2417,"A
2",3,
4,BAS,,4381,J,3,
6,DAS.,337,4633,,»,
6,,425,29264,,1,
7,BAS,,752,1,4,
®,GLID,184,732,,4,
9,BAS.,126,7322,៛,4,
3400,BAS.,338,,20,4,
1,,,29284,,4,
2,GY,642,73197,,4,XIL
a,,167,738-5,$,5,
4,RAS.,265,19304,,$,
$,GESY.,,7313,,V,
&,GY.,,,150,M,
7,GY.SY.,,733,,o,
®,DAS,154,"1,32",2,.,
9,PSY.SY.,353,733-0,$,6,
3610,,#,36654,25,á,XXII
1,,,465%,140,6,
2,RED,156,3300,,"1.
V",
4,BAS.,415,1467,.,7,
S,RAS.,334,193-1,a,T,
&,GY.SY.,311,193-5,2,,
7,,333,733-4,$,A,
B,BAS.,319,733-7,S,A,
",",,n,73-4,,.,XVIII
3410,HAE,348,73-4,,A,
I,,12,293-7,2,,
L,DE,301,468-1,10,,
1,BAS.,41L,"1,351",,.,
4,HATM.,49,14+9,W,",",XVII
,SBR,338,14+1,1,My,
4,BAS.,313,1934,.,",",
7,LIN.,349,4484,,9,
,ILIM.,474,1469 @,10,4,
,PARSY.,316,19350,,*,
363,JADE,28,494,1/3,147 0,DEFENNEN
M,"BAS,",251,75-5,,0,
1,HACH.,803,735,,0,XVII
3,BAS.,175,1941,Z,0,
+,BAS.,373,1941,L,O,
S,BAS.,103,4704,19,0,
7,BAS.,119,330,,0,
"*
8",,3.68,3.52,50,0,
9,BAS.,333,3349,,O,
,ALAA,,8800,,0,
1,B.A.S.,315,13516,,O,
2,HAEM.,,1471,1,1,
3,BAS.,262,2942,L,1,
4,BAS.,336,2142,2,+2,
,SIBAS.,251,29414,10,,
,14BAS.,93,19447,,47.,
,7 BN-ATRAST,,29430,,4,
·,GY.5Y.,331,73-6,,2,
,BAGOLD,UNE,147-1,1,Z,
9,"BAS,",261,147-2,1,2,
345℃,BAS.,275,735-4,5,2,MEME
,0 BAS.,494,1471-6,10,2,
2,BRATZITI,$5,1944 3,,1,
3,LIM.,262,73 60,,2,
4,BAS,33,4734,0,3,
,5 BRSY.,419,19452,10,3,
G,ALAB,156,73-7,2,4,
7,GYSY-,331,1474,4,,
8,,493,1949,Ł,4,"TARTUS,"
9,GY.SY.,ETS,194-9,2,4,
,SESY.,369,14744,10,4,
4,BAS,,29483,20,4,
2,BK ATZOSE,9,7348,50,4,
9,BK BAS.,156,19475-,,4,-¿
4,BAS,418,1478,1,5,
,5 BAS,344,2.95-0,2,'S,
,6 SYSY,$7,737-3,2,5,QUIT
7,BAS.,387,14746,,5,
N,DE 4TLOSE,375,14753,00,S,
,", BAS.",$44,49-4,73,6,
3670,BAS,318,1474,1,6,
,04.5%,325,4750,,4,
2,BAS.,17,4762,,"M
6",
ZA,LIM.,64S,12143,15,4,
3,ALAB,53,29524,,4,MINI
,4 ALAB,33,2.95-4,1,7,
,5 GY BAS.,422,295-4,2,0,
,. BA JASP.,494,5910,4,7,
,1 HAEM,885,738-6,S,7,
,9 BAS,355,477-1,10,7,
,9 DAS,348,29149,,7,
348,MED 5.Y.,251,59100,,7,
,U BAS.,338,7391,5,e N,
,L HAEM,499,2919,&,9,
,3 BAS,265,2.95 9,2,9,
,4 BAS,448,1959,2,9,
,$ BK. 54.,28 5,1959,2,9,
,6 DIDRITE,92,479-4,,9,GIZEH
,7 BRATZOSE,43,5918,40,9,
7A,"""",,739%,,9,
8,BAS.,33.,740,/2,48-6,
»,BAS.,314,2.96 0,2,0,
3490,BAS.,11,7400,5,0,
,1 BAS,261,74+1,$,0,
,A ALAB,406,740-2,f,O,
,9 BAS.,285,480-3,,0,
4,BAS.,502,1959 9,,0,
4A,WT. LIPL,92,294,,0,AMENE
S,GYATROSE,11,148-1,1,1,
,4 VER.SEAP,263,481 0,,#,
7,SY. BAS.,344,19610,100,4,
A,BY BAS,271,19615,,..,-3
9,BAS,152,741,,2,
LE,DE PORPHY,8,1482,R,2,
,1 BK.5Y.,393,1481,"1
7",1,
2,GY 5Y.,327,2965,2,2,
3,BAS.,142,593-1,"A
4",3,
3704,,338,7417,$,1483,
S,,3-53,1483-0,,3,
#,,446,194-8,2.,+,
7,,231,119,Z,4,
E,B,64,$93-4,4,+,KI
9,,356,19394,40,4,
1,,24.4,495,,5,
2,BRATZISE,611,297-,2,,XH
3,,243,7418,$,S,--
4,,35,1971,Z,&,
$,LIM.,373,20TH8,,6,
·,,315,1487,I,7,
7,,31.B,744,,«,
6,,165,744,,8,
9,,28 5,148-5,.,8,MEM.
372 D,HAEM,387,1977,2,&,
U,,,4874,@,.,
2,PORPH.,,19755,10,A,
3,,493,1978,1,$,XVII
4,,11,14890,,4,
$,ATZITE,33,4890,,9,
6,,242,748,,1414,
7,S'Y.,,7411,3,0,
®,,,459 4,,,
9,,256,44000,,0,-1400
0,,242,1490,.,1,
2,,369,7453,$,-1,
a,,130,4914,,1,
4,,19,7453,50,-1,MIX
5,CHALCEDINY,BUCK,746,,2,JERUSALEM
6,,482,2985,&,-1,MEM
2,,312,1967,4,L,
.,,150,4517,10,2,
9,,18,19850,Leo,2,-80
,BAS,346,1984,tho,2,
1,,9,1986 #,,-3,
2,,391,298#,5,A,
3,,32,2989,Z,4,
4,BRALAB,692,5977,,4,GE BELIYNXHI
E,,344,7471,F,4,
6,,642,4947,,4,11101 -V
7,,254,19885,,4,
8,,19,747ª·,50,4,-90
9,SY.,32,19753,4,4,
3750 5D,,33,1495,R,S,
#,,44,1495,#,5,
2,,,FABI,4,$,
3,,537,7473,$,5,
4,GYATZESE,,19900,,$,
S,,442,746,,6,
6,,344,748,,6,
T,QTZOSE,,1494,A 1,4,
B,,495,1993,2,6,XVI
9,,295,747-8,5,*,
1760,ATZASE,FF,19913,LO,+,
4,,,19917,10,6,
2,,7,7479,,6,
3,,244,14958,,6,
4,BK.DAS,,326/21912,,6,
3765,AAS,,33,"4,+",,
6,BAS.,,219,2994,2,7
7,GV-SY.,,373,746-5,5,7
,LIM.,,ALB,14968,,7
9,GY.SY.,,40,5990,40,7
5770,,64.AT2050,315,74865,,T
I,,ATZITE,928,7487,50,V
2,,ALAB.,384,341,,8
3,,ANSERR,283,1494,#,AR
4,,BR.MARB,32,149-8,N,¥
5,BAS.,,419,14982,10,#
6,ALAB.,,386,1499,4,9
T,BAS,,444,149-9,1,9
@,BAS.,,446,299-8,2,9
,BAS.,,429,14995,,9
,LIM.,,3-42,997,,1
4,ALAB.,,436,,,1500
:,BAS,,356,305.,1,·
3,,GYSERA,,600-1,4,o
4,BAS.,,425,7501,7,@
5,BAS.,,372,1506-2,10,0
SA,,G.N.GLZ.,690,1500,50,0
,6|GY.SY.,,691,15000,,O
7,BAS.,,4.16,150,4,1
6,BAS-,,12,158,N,4
,AY.54.,,33,3004,2,1
79º,GY,ATZONE,,751,,2
a,,,#35,754,,2
IA,BAS,,31,1501,1,2
L,BAS.,,333,150-2,1,2
,JALAB.,,6.7,150 3,4,3
+,BAS,,414,150-3,1,3
,SCY.SY.,,MALE,1503-5,,5
6,DAS,,,IFOAS,,3
7,RED,SY.,245,30002,,9
A,ALAB.,,245,752,,4
9,BAS.,,263,3008,1,4
,BAS.,,$3,5004,,4
1,BAS.,,338,751-9,5,4
2,BAS.,,972,7510,S,4
3,,BAJASP,57,503],,4
,AGY.SY.,,311,5044,10,4
,5|GY-SY,,LIS,5044,100,4
&,BAS.,,2.36,50410,,4
7,GY.SY.,,262,156-5,1,9
B,BAŞ.,,213,1505,1,9
9,ALAR,,262,150-5,8,9
381 0,BAS.,,344,3010,2,5
,ISA.S.,,417,7525,F,$
2,ALAB.,,ISS,30107,2.0,5
3,BAS.,,951,6o1g-,40,S
4,Y.MID,LIM,498,3013,1,.
5,QTZITE,,356,5064,,&
6,,SANDSTN,537,7519,,4
&A,GOLD,,SHELL,1507,,7
7,BKSY,,197,7537,S,
#,,GYATZEN,,3015P,,7
,9BAS.,,335,7FA,/2,40
3420,BAS,,314,7539,$,8
1,845.,,497,7544,F,.
2,BAS.,,654,7510,5,
,ALI M.,,375,754,AF,$
4,ATZITE,,27,754-2,€,6
S,GY-SILIC,,261,5 3,/3,9
,6|2K.SY.,,446,7544,5,1
3827,,803,604,0 4,0,GEBELLYN
8,,4&7,302-3,Z,11,
9,SY.,314,,,,4 rough.
3830,,160,756,,2,
,RTZ.CMYST,33,,,2,
2,,373,8,10,2,
1,ETZITE,556,3023 6,10,2,
4,GERTLOSE,437,3023-5,20,2,
5,,483,,2,3,XVIII
6,,165,7563,5,3,
7,QTZ,1,30274,,3,
8,,65 3,12.700-,500,3,Ann KAHUN
",",,265,3026,2,4,-640 NJI
3840,,171,7571,5,4,
2,,344,1514 2,,4,
=,,,,,4,
3,,I,151-5,,S,
4,,493,1ST-5,1,5,XVILL
5,,456,151-5,,5,XVIII
6,SY.,,6060-,40,5,
3850,BK.STEA,,,,7,
,MARE,744,3036,Z,.,A
6,,494,301-9,2,9,TARTUS XW UI
7,,275,303 9,#,9,
,PORPM,10,759-6,5,9,
3540,,263,3039-3,10,9,
,SY.,33,30400,200,D,
,SY.,323,30402,200,D,
,5Y.,39,78-1,5,1,
7,,33,152-2,1,2,
7ª,,495,9130,6,1,
,STEA.,653,1522,10,2.,-4 VI
9,SY.,33,76100,,2,
3870,,65,15117,10,3,-4-4XN
3,SY,33,50-8,/3,A,
,SY,91,6097.,,4,
ZA A,,605,1050,2,S,DEM ABYO MAR
3,,395,305,2,5,
4,SK,334,,100,¥,
$,SY.,2,,40,0,
5,,,140,40,S,HELIOPOLIS
,PLEC,,,,,-140
,MATERIAL,HAM,,XC,UNIT,DETAIL
BAS,,,7634,.,,
BAS.,,,1524,#,,5
BAS.,,17,1515,A !!,5,
BA5,,392,3051,2,5,
BAS.,,33,3 ...,A,#,
BAS.,,2.56,30F1,1,5,
BAS.,,446,15147,@,$,
,SØKETZASE,.,ISASS,10,5,
,-,4,3050-8,,$,
RED,GRAN,11,,200,$,
HAEM.,,493,7H,,€,
GY,QTZOSE,,152-6,4,6,
BAS.,,154,3053,2,6,
BAS.,,27,762-9,5,+,
BAS-,,¥7,1517,A,7,
JLIM.,,446,#174,,7,
BAS.,,33,15175,,7,
BAS,,352,30534,20,7,
BAS.,,25,7633,,7,
TNT,ATLIFE,328,30549,,7,
BAS.,,33,764,,8,
,DIORITE,364,1528,1,®,
BAS.,,334,1920,I,.,
GN,GITZOSE,10,90560,,8,
BAS.,,338,1524,N,9,
BAS.,,33,3051,2,9,
BAS,,335,,,,
,YSK.LIM,728,1590,1,D,
BAS,,,1228,A,9,
BAS:,,,1041,2,0,¢XVI
DAS,,33,1531,1,.1,
BAŞ.,,202,1531,"M
E",-1,
,BK.QTZASE,7,15307,10,1,
QTZITE,,.,1042 2,,1,
,BR.JASP.,,76L,5,2,-6
BAS,,33,7450,$,2,
BAS.,,33,7658,5,2,KHENT
BAS,,338,7460,5,2,
BAŞ,,19,15333,,3,
BAS.,,17,3048,2,4,
,DIDRITE,334,764/7,$,4,
BAS.,,33,1535,,3,SINAL
545,,34,307 0,2,5,
,AMATZOSE,24,,,6,
PINK,LIM.,31,194,,6,
BL,GLASS,,1536,E,6,
BAS.,,33,153-6,1,6,
BAS.,,,748 3,O V,.,
LIM,,62,3075,2 4,T,5
BAS.,,82,307-5,2,7,
BAS,,314,7687,F,T,
BAS,,3-58,15379,10,7,
,BLQTZ,F,30741,20,7,MEANPTN
BAS,,331,76-1,,8,
,MARS,44,1538,1,8,
3934,BAS.,314,153-8,1,,
5,BAS,454,307-6,2,8,HERENFTH
6,BAŞ,365,15382,,N,
7,BAS.,2.02,153-9,1,4,
,BAS.,,30794,,S,
,HAEM,487,185,,,M
3140,,,1640,1,0,
,BAS,17,154.0,N,¢,
2,BK,8,308-0,2,,XVME
3,BAS,27,7698,S,0,
JA,,,9146,6,ø,MERCE
4,BAS.,428,3-079-2,,0,XVI
5,845.,27,5084,,4,
&,BAS.,33,3482,2,4,
T,BAS.,338,,2,4,
,BAY.,384,170 4,.,"M
.",
9,GY.SY.,144,154-2,V,,
3950,BAS.,,5419,,Z,
,IGY.SY.,365,15434,,y,
E,BAS.,338,1543-,,3,-6
3,BAS,,30447,20,3,V
4,,,,,I,
5,BAS,262,1544,1,.,De HIERAKON F.
6,BAS,3-44,IF4-6,1,4,
7,,19,7734,5,4,KARNAK
E,BAS.,256,,10,6,
9,GY,31,397,/4,18,
3960,RED,8,36964,,.,XXI#
1,x,12,30-98/9,,8,XXIII
Z,AN,64,1549,4,9,3 XII
IL,,,,1,F,
4,BAS.,19,1548-E,,"M
1",
6,BAS.,106,77.5,,,
7,ALAB.,657,30-,2.,0,=12.
#,BAS,1.02,IFFI,.,4,
9,SARD.,728,9.7,,2,CHUROR XVI
3170,BAS,33,310-4,2,2,
,BAS.,315,3106.,24,3,
2,GY.,37,,,3,
3,GY.,27,77-7,,V,
4,-ARALF,33,155-4,1,4,-1-3
S,BAS,38,,&,4,
6,BAS.,37,316-9,2,4,
7,,S,311-4,2,$,
S,BAS,S,777-4,$,,irregular
9,BAS,345,3109+,,5,
3980,BAS,435,1110-2,2.0,6,
I,BAS.,ZAS,778,,4,
2,BAS,17,777-8,5,,
3,BAS.,,,,,
4,BAS.,328,7783,5,J,
,BAS.,33,77 9,,6,
6,BAS.,3.52,778-8,S,0,
7,BAS,334,779 4,5,8,
8,BAS,45,,N,,
,9GY.,25,341-8,2,"M
9",
3990,BAS,3.3.8,7774,5,#,
,BAS,33,71 6,,9,
"Ac
-",BAS.,33,312 0,2,0,
333,333,14,1.67,Z,33-5,
6 336,6 336,24,167,2,,
7,7,3-$,67,,134.,MLATE
8 60,8 60,7,67,,,ALEX.
9,9,",",134,1,,
4910,1346,1,134,1,,+1x
I,I,,134,"a
U",,
2,2,1,134,.,,
3 3333,3 3333,1,134,"N
V",,
4,4,15,134,« 4,,
,1346,JJ,1343,,,01X
6,6,,248-5,L,,DIx
T 53,T 53,,,L,,
6,6,12,$36,4,,
9 Lb,9 Lb,,670,S,,
4930,145,2,670,¥,,MEM.
1 74,1 74,.,2685,2,34-2,A-4
2 52,2 52,n,403,3,a,
3314,3314,,269,2,5,
45#,45#,8,249,Z,"""S",ALEX
$ 517,$ 517,,249,z,,
6 60,6 60,b,$18,4,,
3 338,3 338,5+,073-5,5,7,
U,U,L,1348,10,#,
9,9,ho,1348,10,8,
414001,414001,Pa,45,,35-,
,474,13,4$,,,
2 623,2 623,7,135,N,,
3 917,3 917,,170,L,,
,679-3,»,675,5,,
5 165,5 165,,675,%,,
4,6771 2704,+ 24,477 271,S Z,1354 5,
"7
44","7
44",.,,,136,
8 $75,8 $75,14,22-7,A,,ALEX.
,340,I,34,4,,
4950,,7,34,,,
I,I,Z,,A,,
2 621,2 621,4,68,2,,
3,3,,136,1,,
4 261,4 261,,36,1,,ALEX.
,137.0,7,136,I,,
6,6,"A
R",171,Z,,
7,7,,$44,4,,
B 6-0,B 6-0,,1040,,,
9 623,9 623,,1715,Z,,
I $7,I $7,,137,.,137,QUA
2,2,@,539,g,137-2,MIH
3,3,₡,13,,,
4 194,4 194,12,14,,,
,67-4,33,69,,,ALEX.
6 -,6 -,4,,/,,
7,7,25,138,I,,
8 58,8 58,",",130,.,,
9,611,$,71,VE,,Arl
4970,1447,3-,14%,1,,
1 14,1 14,.,,,,
2 58,2 58,27,71,A,,ALEX-
3 60,3 60,M,289,2,1445,
A,74-7,P,71.5,7 A,1 143,ALEX
4,240,",",241,16,1444,
5,1450,,145,1,,
6,145-7,,147,.,47.,
7 60,7 60,3,,,47.6,
No,NOW,,,K,NIT,DETAIL
4978,1415,,137,.,137,
L,317,M,,$,1,
9,$70,O,,,138,
d,344,L,130,.,,
4980,335,,699,5,,
1,33,43,,,,O
"M
2",6948,9,6943,n,"""",LEAD
6,1485,9,139,A,,
a,3494,F,,₡,,
4,1360,24,,,,
5,,74,27ª,2,,T
6,2.772,13,270,2,,
7,338,,499,$,2,
4,265,R,69₺,₡,2,
,471,7,,A,,
,2915,1,L79,1,,
0,2804,2,179,1,,
1,LION,30,17100,A,,LIM-
2,339,,149,1,140+,
3,334,Lé,140,N,,
AL,150-7,.,149,1,,
A,338,.,,₹,,
4,33,10,L80,2,,
4,4728,,720,$,,
4,314,Na,700,$,,
$,334,3 3-,700,$,,DEFENEN
4,324,a,,S,149-4,
6,933,5,181,2,S,
7,331,H,47,2,,
B 9,474 140-5,F 24,47 141,5 .,,LEAD
4,324,,141,U,,
4,23,,141,,,
d,538,15-,,A,,
d,33,,,#,,ME M.
,1801,2,,2,,
I,181.,6,281,&,,
2,##4,,706,$,141-2,LEAD
3,9262,15,707,5,4,LEAD
4,643,,,,$,
4,1045,9,To#,$,6,
5,33,3,71,A,141,× :selected:
4,338,J.,71,,,
6,337,,141,1,,
7,527,24,142,A N,,
d,143-5,,14Z,.,,
9,324,A.,184,2,,
L,,10,18.4,2,,
FOIO,6924,1ª,710,A Z,,
1,,,710,$,,
d,338,7,1421,10,1,
1,327,7.,,$,2,
d,337,8,7 11,S,,
4,7199,17,712,1,4,
4,334,?,183,2,,
d,346,ST.,185,A,5,
3,.333,.,714,#,.,
4,33,14,,,1430,
d,145-6,2-3,143,A,,
4,144 $,37,143,#,,LEAD
5,74,+1,143,# A,,BK.STT.A.
6,18543,,286,2,,
,1939,7,286,2,43,
,14.5.$,24,143,.,,
",",344,4,71%,%,4,
L,344,,187,2.,S,
,312,An,,*,,
4,330,&,187,,,1
L,344,,,A,,
A,336,3.,718,,4,
1,23,-2,71,,144,
3,336,*,71,72,,
4,AM,..,144,,,
A,#,34,144,1,,
4,-,,144,,,
d,33,W,144,,,
a,316,5,18#,,,
d,334,1.,711,,4,
,5 344,G,28 9,,,
A,338,S.,,,,
4,300-0,,,,,
1,265,*,,,,
&,242,,724,,.,
,57,S,145,,45-,
4,138,54,,,,
,63,14,14 $,,,
d,3/1,4,190,,,
A,314,",",715,,,
"3
B",293.5,,,,,
d.,314,3,717,,+,
L,333,,,,.$,
9,337,J.,191,,,
,302-71,,191,,,GHUROB
4 I,245,,718 729,,· *,
4,335,3,73,na,,
d,338,2,146,,,
2,353,3,46,1,,
3,2915,4,191,y,,
d,364,7.,,2,,
,4/300,4,1460,,,+ IX
,1334,5.S,730,៛,,
6,337,4.,730,*,,
,7|314,,73₽,%,,
,4766,1,464,,4,
L,344,4,199,,S,
? 9,33,,193,.,,
d,,,293,N,,
5049,3943,13,,$,,
A,735-5,..,,K,·,
E,,S-,733,E,,
2,333,,730,%,,
A,147-4,,147,,474,
3,34,L,114,L,,QUS
,184,,736,,,VABYD.
A,324,9 Y,73$,,,
,14712,6,479,10,,
&,,,1474,.,14,MEM
1,333,,,Y,S,
7,P54,.,,N,,
8,494,1-,738,S,·,SYRIA
"""",337,24,1474,10,,MEM .
,1623,37,74,,,LEAD
1,623,35,148,,,LEAD
L,335,3-,14&,,,
L,335,2.,148,,,
Sbs3,66,1976 54,,19+ Z,1480,DEFENEN
₫,33,199-0,3-,198 Z,,
L,333,197411,,2.94 2,,
- 2,873,301,7,2.96 2,,LEAD PLUMMET
5,346,592,₫ 3.3,991 4,,DEFENEN
6,242,712 9,,740 ៛,,
A,338,3009,,297 L,5,
4,337,744 8,IT,743 S,.,
d.,337,7421,4,744 ¥,8,
7,337,1465,15,149 4,49.,ALEX. LEAD
a,415,48-4,7,149 #,,
9,353,149-9,$,149 I,,
5060,335,,,149 N,,
4,335,51.6,2,149 V,,
A,353,2945,7,2.98 2,,
A,33,1954,,198 2,,
4,32,1963,,"2.98
2
Z",4,
2,35&,297-8,2.,298 2,,
3,247,7319,,745 *,,
,+333,744%,0,745 S 2,,
5,14 6,6014,7,596 +,,
6,36,3004,Z.,1.985 2,2,
4,335,749-3,3,746 3,2,
7,337,49745,S,493,0 3,
B,900,744,+51,747 2,4,
9,LA7,753/5,6,747 $,,
5070,623,396,10,375 14,150-0,
1,364,556,4,y3,,
2,514,507,,FD,,
3,TAD,751,·,75 72,,中杯
4,358,728,2,75,,
4,335,74+,,75 a,,
4,314,15-5,,75 1,,
,STACK,49$,17,150 .,,
6,314,149-7,L,150 A,,
d.,339,7376,,750 5,,
A.,318,7699,,750,,
d,33.4,7444,8,751,"4
5",
A,237,7583,,752,S,
7,353,6021,,601,A 5,
3 9,33 337,7498 7$73,3- 4,"753
753","៛
8
F",
80,306,5475,41,506,,
1,337,758,15,755,151-D,
2,ZAR,1529,17,191,A,SCARAB
3,|Fac,ISD 3,1-,151,"a
A",+1x
4,14.4,2940,,301,2,
L,31.4,750 5,4,7 55,5,
,5335,7481,7,755 5,,
d,330,763%,.,7.53,5,
6,304,7458,9,756 5,,
7,323,3089,&,303 2,5,
0,33,745912,,758 $,6,
9,333,3094,47,304 2,151,
5090,337,Zgod,7,304,2,
#,338,310-6,,304 2,,
2,317,7410,1-,760 $,,
3,164,47¢,,$1,3 53,
4,33,19710,,31000,,HANDLE LOST
5,33,3152,44,313/7 &,,MEM.SET=4
No.,NOW,,BAIG,X,NIT,DETAIL
94 A,15&5,L,50,1,50,
T,38.5.1,,383,/,,TINNED
8,714/2,4₺,796,S,,
9,774,,77,,1549,
500,155 4,P4,54,"1
A",,
"""",,,770,N,,
Z,33-6,7.,309,2,1,
3,313-8,5.,309,2,,LION+ IX
4,780-7,9,774,S,·,X
5,157-8,,155,4,155-,
4,3119,,310,L,,
!,781-4,,778,F,6,
,7840,S.,779,5,8,
9,323,$,39,,,
$110,39 6,,39,,,L
1,1551 1,14,157,4,1570,
=,1596,,157,N,,LION
3,781.9,,788,5,-B,CHUROB
+,7932,38,785%,50,",",
$,79-2,2-,79-,,584,DEFENEN
"MA
6",,,794,2,1 8,IRON
7,3494,47,$97-,st,.,
8,7745,,794,5,8,
9,1.7-1,.,159,1,15+,SLO APION
FILO,40 0,7,4,,160,BIRDOIX
4,47.9,.6,48,,,IBEX +IN
#,80-8,2,88,A,,DEFENEN
3,150-,,160,1,,X L
4,#124,6,806,5,6PZ,
S,8036,9,010,,110,
6,819.7,25,017,S,60-4,
7,3264,7.,327,2,5,LION HEAD
#,1654,8,164,1,164,"*
PLI"
9,1653.5,9.,1044,,4,
5130,3444,,329,2,5,IBE
I,352-0,15,337,2,685,SIX
-,,,,,,
BRONZE,KHOIRINE,,,,,LALEAD
$133,17-9,+,17,%,7oo,ROMAN
4,83-7,,BS,,a,L
5,178$,7.,ITE,#,ITIO,L
6,34SS,,344,Z,,LION PIX
7,346-4,17,345,1,S,. . BEYRUT
0,348-1,.,343,2,"174""",LION + IX
9,553-0,25,3 51,2,1755,EPHESOS
5140,3639,12,351,2,7+,AIX
#,352.0,.,351,Z,,AUFT HALM.
A,351-6,,353,2,INS,"A, MAGN- SIPL"
1,357.1,3.,354,2,177,
4,156.7,5,356,2,178,HOOF ?qIx
5,1799,.,180,N,180,BEETLEDIX
6,183.2,3,180,U,,FROG +IX
7,378-6,,341,2.,5,
D,183-3,25,18:,!!,&P,
"""",186-2,,18,I,181,HEAD QIX
5150,8-2,,IB:4,,144,1
1,3714,4,369,Z,IBCF,DEFINIR
2,3744,6,378,2,189,
,BEQA,,,,,
No.,NOW,CRbis IN,X,,DETAIL,
153 60,437,44,74,,,
4,9,,/2,170,,TORTOISE
"4
602",+,479:,A a,,HELPR,L
,150 2,00,8,,MASTEA.,
7,840,905,a,181-,B=Z,L
8,457 3,454,14,.,,L
LI4,,GNA,,,,
9,90-2 2,108,A,.,,JERUSALEM
5160 622,243 +3,23.,,184,1,L
1 60,574 6 2,360,2,184,,L
a 7614,155-6,154,,4,,
,279.0,178-,1%,,135-4|EPHESOS4PIX,
4 435,44-5 -,465,,SỐT,ALAR,
5 612,698 3,93-,1,·,B,ANTICAL
6 144,475 $ 9.,4bb,,4,,6-SD.SPWYRM.L
7 8242,93-3,94-,,,PALEX.,L
8 424,384-7,376.,2,D,,L
9,47500 7.,4TO,,,PIX,
5170 1,4748 E,470,,,I,MAGN-HR L
,$44,944,,,8|MALM,Q IX
2 160,SITZ,175,&,474B,,4
3613,47-0,47$,,1900,,L
4 623,980 .,35,,,GALENA,
$ SU,279-5 46,LES,,,,
6 $7,3.884 8,381,2,.5,ALEX.,L
7 414,480-0 18,477,,8,,
R,,198,,9F,HEART,+IN
9,4,14,,*,,
118D,ZA-0 ·,140,0,,ETHESOL,CALOTS
3 57,47-1 1-1,48-3,X,,ALEX.,L
2 60,951 1.,16,,,"ALEX,",GALENA
3 611,94.6 1.,76,/1,,,
LIbo,4848,480,57/2,,,L
,14550,449,,1937,,1X
6,485015,482,,#,TORTOISE,
7 58,99-6 1-,,A,,,L
1.,"244 """,24%,,#,EPHESOS,CALLITE
9 454 411,195-3 1947 24,94 194,1 4,174,,L
7 621,511,49,A,196-,,L
2 621,16'S 5,16+,,,,
3 1$,$74 .,374,X,199 4,,PRESOCALLITE
4 61%,9963.,,1/,100,,L
5-,58 34,,4,2627,+IX,
6248,92.9 21,01,,104,,
7 5,4 4-4 35,,2,LOSS,,
8 321,1012 6,103,1,106,AUS,
9 5%,10384 6,036,5,1071,,
5200,51-4 1.,$ 1,A,108,,
I 2.54,51-9 1,$2,X4,,,
2 36,512 .,511,4,8,,
3 333,1944 L,OF,,,,
4024,52.2 S,53,,%112,,
4,,,,,,
