id,Material,Form,Present,Ch.,Ancient,x,Unit,Standard,Description
1,Basalt gn.,32—33,273.6,NA,273.6,2,136.8,Egyptian Kat,Belongs to kat and not drachma; there is not a single drachma weight so finely formed on the domed type which is characteristic of the kat by its purity of outline.
2,Syenite,29,165.8,NA,685.8,5,137.2,Egyptian Kat,"Is of a type much commoner in kats than in drachmae; also the peculiar syenite, white felspar in green-black hornblende, is only known in three other kats (Nos. 45, 100, and 156), and in one of 80-grain standard (No. 481.)"
3,Basalt br.,33,2738.4,NA,2752,20,137.6,Egyptian Kat,Is a kat for the same reasons as No. 1.
4,Basalt br.,21—26,1370.9,NA,1377,10,137.7,Egyptian Kat,More of the kat than of the drachma type.
5,Basalt bl.,33,27.69,NA,2760,2,138.0,Egyptian Kat,As 1.
6,Bronze,92,138.8,NA,138.0,1,138.0,Egyptian Kat,"A peculiar turned piece of bronze, never attached to anything, nor pierced; probably a weight."
7,Syenite bl.,37—40,2759.6,NA,2763,20,138.1,Egyptian Kat,might be drachma weights by their form; but are beyond a likely range of drachma.
8,Basalt br.,21—29,276.5,NA,276.5,2,138.2,Egyptian Kat,might be drachma weights by their form; but are beyond a likely range of drachma.
9,Basalt br.,12,1383.1,NA,1383.1,10,138.3,Egyptian Kat,NA
10,Syenite bl.,38,2768,NA,2768,2,138.4,Egyptian Kat,NA
11,Limestone,31,138.4,NA,138.5,1,138.5,Egyptian Kat,"A peculiar limestone, brownish-white, with fine grey veining: only one other of this colouring and form, No. 208, but not from exactly the same piece of stone. I have a quarter kat from Syria (?) of the same stone, but pyramidal in form."
12,Alabaster,26—27,6919,NA,6933,5,138.7,Egyptian Kat,NA
13,Syenite,27—35,277.5,NA,277.6,2,138.8,Egyptian Kat,"From a Ptolemaic house about the IIIrd cent. B.C., on the east side of the excavated part of the town (find 93). Burnt. With Nos. 65, 281, and 475."
14,Syenite gr.,33,138.9,NA,138.9,1,138.9,Egyptian Kat,NA
15,Basalt bl.,27—33,138.9,NA,138.9,1,138.9,Egyptian Kat,NA
16,Syenite bl.,27,69.5,NA,69.5,½,139.0,Egyptian Kat,NA
17,Bronze,25—36,769.3,14,695,5,139.0,Egyptian Kat,NA
18,Basalt br.,34,695.3,NA,695.3,50,139.1,Egyptian Kat,NA
19,Limestone,22—23,69.6,NA,69.6,½,139.2,Egyptian Kat,Hard grey limestone.
20,Basalt bl.,37,6968,NA,6971,50,139.4,Egyptian Kat,NA
21,Bronze,38,2788,NA,2788.3,20,139.4,Egyptian Kat,NA
22,Basalt bl.,38—44,69.7,NA,69.7,1,139.4,Egyptian Kat,NA
23,Limestone,25—33,27615,NA,27900,200,139.5,Egyptian Kat,"Nummulitic limestone, very fossiliferous. Weathered surface."
24,Limestone,20,208.3,11,279,2,139.5,Egyptian Kat,"Hard dark brown-grey limestone with holes, and a thin crust of white decomposition (?)"
25,Bronze,18—38,2791.8,NA,2794,20,139.7,Egyptian Kat,NA
26,Basalt br.,18—38,2798.7,NA,27487,20,139.9,Egyptian Kat,NA
27,Serpentine,19—23,2798.2,NA,2768,20,139.9,Egyptian Kat,NA
28,Alabaster,36—44,6996.5,NA,699.5,5,139.9,Egyptian Kat,NA
29,Sandstone,38,1398.7,NA,140,10,140.0,Egyptian Kat,NA
30,Alabaster,38,1372.0,28,140,10,140.0,Egyptian Kat,NA
31,Bronze,33,72.9,21,70,5,140.0,Egyptian Kat,NA
32,Bronze,33,77.1,63,140,1,140,Egyptian Kat,NA
33,Syenite bl.,38,139.8,NA,140.0,1,140.0,Egyptian Kat,NA
34,Alabaster,33,139.9,14,140.0,1,140,Egyptian Kat,NA
35,Bronze bl.,52,26.0,2,28.0,⅕,140,Egyptian Kat,"A peculiar black bronze, which throws off the oxide very freely, having a polished black face below it; only found in Nos. 94 and 119, both of this form, and perhaps No. 107."
36,Basalt br.,23—33,2804,NA,2804,2,140.2,Egyptian Kat,NA
37,Basalt bl.,23,1399.4,NA,1403.3,10,140.3,Egyptian Kat,NA
38,Basalt gn.,18,2808,NA,2810,2,140.5,Egyptian Kat,NA
39,Syenite bl.,18,6390,NA,7030,5,140.6,Egyptian Kat,NA
40,Basalt br.,18,633,B,704.0,50,140.8,Egyptian Kat,NA
41,Bronze,33,699.7,NA,704.0,5,140.8,Egyptian Kat,NA
42,Granite red,20—23,70440,NA,70440,500,140.9,Egyptian Kat,"Hammer dressed, without any polish; irregular below."
43,Basalt bl.,23—27,702.5,NA,704.5,5,140.9,Egyptian Kat,NA
44,Bronze,60,1342.7,70,1410,10,141.0,Egyptian Kat,"Soft white limestone, flaky."
45,Syenite gr.,33,282.1,NA,282.1,2,141.1,Egyptian Kat,NA
46,Basalt br.,39,1412.0,NA,1414.2,10,141.4,Egyptian Kat,NA
47,Bronze,33,284.1,NA,282.7,2,141.4,Egyptian Kat,NA
48,Basalt br.,33,283.0,NA,283.0,2,141.5,Egyptian Kat,NA
49,Basalt bl.,27,2827.8,NA,2831.5,20,141.6,Egyptian Kat,NA
50,Hematite br.,1,283.4,NA,283.4,2,141.7,Egyptian Kat,NA
51,Basalt bl.,33,28140,NA,28400,200,142.0,Egyptian Kat,"A fine weight, polished, but chipped."
52,Limestone,11—12,2827.8,NA,2840,20,142.0,Egyptian Kat,Soft white limestone; from Kom Afrin.
53,Basalt br.,26—33,283.2,NA,284.0,2,142.0,Egyptian Kat,NA
54,Bronze,26,144.0,2,142,1,142,Egyptian Kat,NA
55,Syenite bl.,40,284.2,NA,284.2,2,142.1,Egyptian Kat,NA
56,Alabaster,25,1369.2,NA,1422,10,142.2,Egyptian Kat,NA
57,Basalt br.,12,704.7,NA,711,5,142.2,Egyptian Kat,NA
58,Hematite br.,9—39,707.5,NA,711.5,5,142.3,Egyptian Kat,"A natural pebble of hæmatite, ground down on the end of the major axis; light brown crust outside."
59,Syenite gn.,59,7110,NA,7117,50,142.3,Egyptian Kat,A splendid weight of very unusual form for a kat; only No. 44 like it.
60,Bronze L.,36,709.7,NA,712,5,142.4,Egyptian Kat,NA
61,Basalt br.,44100,570.7,NA,570.7,4,142.7,Egyptian Kat,"The only weight with a name on it (see pl. xxii., fig. 100); strange to say, it has been broken off below, and ground down again to a flat bottom, rather roughly, and apparently adjusted to 4 kats. It was probably valued for the sake of the inscription, and therefore readjusted, after being accidentally broken. What its original weight was, is not clear; it is not likely that so little as a fifth of the whole was removed, looking to the traces of fracture and the present shallowness of the weight; yet it is not likely to have lost more than half its bulk, as it would have then been exceptionally high; hence it can hardly have been either 5 or 10 kats. It is a misfortune that this has been readjusted, as it is the only weight which shows its original age—that of Aahmes."
62,Limestone,38,1427.5,NA,1428.0,10,142.8,Egyptian Kat,Very compact hard white limestone; fine work.
63,Alabaster,16—35,713.6,NA,714.0,5,142.8,Egyptian Kat,"Merely a piece of a natural sheet of alabaster, trimmed round."
64,Syenite bl.,38,1428.0,NA,1428.8,10,142.9,Egyptian Kat,NA
65,Syenite,27,285.8,NA,285.8,2,142.9,Egyptian Kat,Same house as No. 13. Burnt.
66,Bronze,32—33,287.5,NA,286.0,2,143.0,Egyptian Kat,NA
67,Basalt bl.,25—33,141.3,NA,143.0,1,143.0,Egyptian Kat,NA
68,Syenite bl.,12—18,1431.0,NA,1431.0,10,143.1,Egyptian Kat,NA
69,Basalt bl.,20,714.2,NA,715.7,5,143.1,Egyptian Kat,NA
70,Basalt bl.,27—33,286.6,NA,286.6,2,143.3,Egyptian Kat,NA
71,Syenite,27,719.1,NA,717.5,5,143.5,Egyptian Kat,From a well filled with burnt earth in the middle of the S. part of the town. Probably about VIth cent. B.C. Burnt. (See No. 83.)
72,Syenite gn.,8,2872.8,NA,2872.8,20,143.6,Egyptian Kat,NA
73,Limestone,27—30,143.7,NA,143.8,1,143.8,Egyptian Kat,"Dark grey hard limestone, white vein on one side."
74,Basalt br.,27,287.3,NA,287.8,2,143.9,Egyptian Kat,NA
75,Basalt bl.,26—27,143.9,NA,143.9,1,143.9,Egyptian Kat,NA
76,Basalt br.,27,717.8,NA,719.9,5,144.0,Egyptian Kat,NA
77,Pyroxene gn.,18,144.0,NA,144.0,1,144.0,Egyptian Kat,Grey-green chatoyant pyroxene. Ptolemaic house W.N.W. of Great Temenos.
78,Bronze,43,76.2,4,72,½,144,Egyptian Kat,"Found with Nos. 161 and 165, at level 400; middle of Vth cent. B.C."
79,Basalt br.,27—33,1436.5,NA,1441,10,144.1,Egyptian Kat,NA
80,Syenite bl.,19—39,7138,NA,7210,50,144.2,Egyptian Kat,NA
81,Basalt bl.,33,288.4,NA,288.4,2,144.2,Egyptian Kat,NA
82,Basalt bl.,25—33,2877.1,NA,2890,20,144.5,Egyptian Kat,NA
83,Basalt br.,26—33,144.6,NA,144.5,1,144.5,Egyptian Kat,Found with No. 71.
84,Sandstone,36,2891.9,NA,2893,20,144.7,Egyptian Kat,NA
85,Bronze,20—40,143.2,NA,1447,1,144.7,Egyptian Kat,NA
86,Basalt bl.,38—39,1448.6,NA,1448.9,10,144.9,Egyptian Kat,NA
87,Syenite,23—27,289.7,NA,289.7,2,144.9,Egyptian Kat,NA
88,Limestone,8—19,289.8,NA,289.8,2,144.9,Egyptian Kat,"White limestone, with brown patch; hard."
89,Bronze,47,72.7,NA,72.5,½,145,Egyptian Kat,NA
90,Basalt br.,33—34,7213,NA,7245,50,145.0,Egyptian Kat,Rough chipped around the sides.
91,Basalt br.,33,8292,B,14500,100,145,Egyptian Kat,NA
92,Basalt br.,27,2900.1,B,2900,20,145,Egyptian Kat,NA
93,Granite gr.,39,2823.5,NA,2890,20,145.0,Egyptian Kat,NA
94,Bronze bl.,52,27.2,2,29.0,⅕,145,Egyptian Kat,NA
95,Basalt bl.,26—27,145.1,NA,145.1,1,145.1,Egyptian Kat,See No. 35.
96,Basalt br.,33,6768,B,7270,53,145.4,Egyptian Kat,NA
97,Porphyry gr.,54,2907.0,NA,2907.5,20,145.4,Egyptian Kat,"Minute felspathic crystals in a grey base, dense."
98,Basalt br.,37—38,727.0,NA,727.0,5,145.4,Egyptian Kat,NA
99,Hematite bl.,11,727.2,NA,727.2,5,145.4,Egyptian Kat,"Iron-black hæmatite, highly polished."
100,Syenite gr.,27,727.0,NA,727.0,5,145.4,Egyptian Kat,NA
101,Porphyry gn.,81,727.6,NA,727.6,5,145.5,Egyptian Kat,Pale green crystals in a dark green base; common in Roman times.
102,Syenite bl.,40—43,2908.3,NA,2912,20,145.6,Egyptian Kat,NA
103,Basalt br.,27—33,2913.3,NA,2915,20,145.7,Egyptian Kat,NA
104,Basalt bl.,18—19,2916.2,NA,2916.2,20,145.8,Egyptian Kat,NA
105,Basalt bl.,26—33,145.8,NA,145.8,1,145.8,Egyptian Kat,NA
106,Basalt br.,16,2910.3,NA,2920,20,146.0,Egyptian Kat,NA
107,Bronze,33—40,638.7,90,730,5,146,Egyptian Kat,"Greyish bronze; broken in two, and part lost."
108,Basalt bl.,26—33,292.5,NA,292.4,2,146.2,Egyptian Kat,NA
109,Syenite bl.,8,731.4,NA,731.6,5,146.3,Egyptian Kat,NA
110,Basalt bl.,25—33,292.5,NA,292.5,2,146.3,Egyptian Kat,NA
111,Limestone,20—40,1439.6,NA,1465,10,146.5,Egyptian Kat,"Hard, white, sub-crystalline limestone; same as Nos. 204 and 253."
112,Basalt bl.,27—33,292.9,NA,293.0,2,146.5,Egyptian Kat,NA
113,Basalt bl.,27—33,2933.5,NA,2934.5,20,146.7,Egyptian Kat,NA
114,Basalt br.,27—35,734.1,NA,734.6,5,146.9,Egyptian Kat,NA
115,Limestone,27—40,518.5,B,1470,10,147,Egyptian Kat,Dark grey compact slaty limestone.
116,Basalt bl.,40—44,147.1,NA,147.1,1,147.1,Egyptian Kat,NA
117,Basalt br.,33—37,2943.0,NA,2944.5,20,147.2,Egyptian Kat,NA
118,Basalt bl.,27,294.4,NA,294.4,2,147.2,Egyptian Kat,NA
119,Bronze bl.,51—52,20.0,NA,29.5,⅕,147.5,Egyptian Kat,"See No. 35; more carbonated than 35 and 95, not cleaning so smoothly."
120,Basalt bl.,38,285.1,NA,285.1,2,147.6,Egyptian Kat,NA
121,Basalt br.,33,147.6,NA,147.6,1,147.6,Egyptian Kat,NA
122,Limestone,40,732.4,NA,7390,50,147.8,Egyptian Kat,"Hard, close white limestone."
123,Syenite br.,38,1476.6,NA,1478.5,10,147.8,Egyptian Kat,NA
124,Syenite bl.,82,738.8,NA,738.8,5,147.8,Egyptian Kat,"A rare form; I have a similar uten in diorite (bought in Cairo, 1884), of 148.07 unit, closely the same as this 147.8."
125,Basalt br.,33,294.9,NA,295.6,2,147.8,Egyptian Kat,NA
126,Limestone,32,445.8,B,740,5,148,Egyptian Kat,Hard white Mokattam limestone.
127,Basalt bl.,33,74.0,NA,74.0,½,148.0,Egyptian Kat,NA
128,Syenite gr.,33,1489.6,NA,1489.9,10,148.1,Egyptian Kat,NA
129,Syenite bl.,2,7408,NA,7408,50,148.2,Egyptian Kat,NA
130,Syenite gr.,43,1482.3,NA,1482.3,10,148.2,Egyptian Kat,NA
131,Basalt br.,33—40,7230,NA,7420,50,148.4,Egyptian Kat,NA
132,Syenite gr.,39,741.8,NA,741.8,5,148.4,Egyptian Kat,"Very fine work, quite uninjured; green-grey syenite, polished."
133,Basalt br.,33,74.3,NA,74.3,½,148.6,Egyptian Kat,NA
134,Basalt bl.,25,742.9,NA,743.9,5,148.8,Egyptian Kat,NA
135,Alabaster,38—43,74.1,NA,74.4,½,148.8,Egyptian Kat,NA
136,Bronze,38,74.7,NA,74.4,½,148.8,Egyptian Kat,NA
137,Syenite gr.,8—11,2910.1,70,2980,20,149,Egyptian Kat,NA
138,Stone br.,41,148.0,NA,149?,1,149?,Egyptian Kat,"Dark brown stone, apparently changed by contact with iron rust, and split on the surface."
139,Basalt br.,27,2989.9,NA,2988,20,149.1,Egyptian Kat,NA
140,Basalt bl.,33,2975.4,NA,2982,20,149.1,Egyptian Kat,NA
141,Basalt bl.,23,2978.1,NA,2982,20,149.1,Egyptian Kat,NA
142,Basalt bl.,83,746.2,NA,746.2,5,149.2,Egyptian Kat,NA
143,Syenite gr.,33,7466,NA,7469,50,149.4,Egyptian Kat,"Very fine work, of the purest domed type of fig. 33; blue-grey syenite, polished."
144,Basalt br.,23—27,7388,NA,7499,50,149.8,Egyptian Kat,NA
145,Syenite gn.,38,2995.1,NA,2997,20,149.8,Egyptian Kat,NA
146,Basalt bl.,33,298.7,NA,299.6,2,149.8,Egyptian Kat,NA
147,Basalt bl.,23,149.8,NA,149.8,1,149.8,Egyptian Kat,NA
148,Bronze L.,33—37,7090,40,750,5,150,Egyptian Kat,NA
149,Basalt bl.,33,299.6,NA,300.0,5,150.0,Egyptian Kat,NA
150,Basalt bl.,27—33,75.2,NA,75.2,½,150.4,Egyptian Kat,NA
151,Bronze,40,303.0,NA,301,2,150.5,Egyptian Kat,NA
152,Granite red,26,75290,NA,75290,500,150.6,Egyptian Kat,"Similar to No. 42, but better worked."
153,Basalt bl.,33,300.4,NA,301.22,2,150.6,Egyptian Kat,NA
154,Syenite pk.,27—37,3013.5,NA,3016.0,20,150.8,Egyptian Kat,NA
155,Syenite bl.,41,75.4,NA,75.4,½,150.8,Egyptian Kat,NA
156,Syenite gr.,31—33,3026,NA,3026,2,151.3,Egyptian Kat,"With reference to this of black and white syenite (see No. 2), a weight similar in form, colour, and high standard (150.6) should be noted in Brit. Mus., with cartouche of Aahmes (XXVIth Dyn.) on the top."
157,Bronze,32,303.2,NA,305,2,152.5,Egyptian Kat,NA
158,Bronze,25—27,151.3,NA,153,1,153,Egyptian Kat,NA
159,Bronze (95),25-26,117.1,NA,116.6,1,116.6,Assyrian Shekel,"This weight with the archaic Greek Σ on the top (Pl. xxii, 95), seems as if it must be attributed to the Assyrian shekel, although it is of lower standard than any other example; the letter, however, points to Sirios. If it had not been for that, it would have been attributable to the very erratic Phœnician shekel, but it would then need H for Hemi. The form of the letter points to the VIth cent. B.C."
160,Bronze,40,29.1,*6,19.5,½,117.,Assyrian Shekel,NA
161,Bronze,44,61.5,3*,58.5,½,117.0,Assyrian Shekel,See No. 78.
162,Bronze,41,60.0,NA,59.0,½,118.0,Assyrian Shekel,"An unusual form, more like a Byzantine solidus, but there is no letter on it, which is always found on solidi."
163,(Stone) red,88,59.1,NA,59.2,½,118.4,Assyrian Shekel,"Dark red stone (limestone?) very hard, but scratched by steel."
164,Bronze,26,60.8,1.4,59.4,1,118.8,Assyrian Shekel,From burnt potter's rubbish in N. part of town; level 370. Vth cent. B.C. (?).
165,Bronze,25-26,117.3,4,119,1,119.,Assyrian Shekel,See No. 78.
166,Alabaster,18-71,598.0,NA,598.0,5,119.6,Assyrian Shekel,NA
167,Marble,29,594.3,NA,599,5,119.8,Assyrian Shekel,"White marble, rather soft, weathered."
168,Limestone,33,121.4,NA,121.4,1,121.4,Assyrian Shekel,Hard white limestone.
169,Bronze,26,61.7,NA,60.7,1,121.4,Assyrian Shekel,From burnt potter's rubbish in N. town. Level 280. VIth cent. B.C.
170,Bronze,32,60.4,1.7,60.7,½,121.4,Assyrian Shekel,NA
171,"Basalt, br.",48,2429.7,NA,2430.4,20,121.5,Assyrian Shekel,NA
172,"Bronze, L.",57,613.6,14,608,5,121.6,Assyrian Shekel,"Hollow bronze case, about two-thirds filled with lead."
173,Bronze,33-37,123.3,NA,121.6,1,121.6,Assyrian Shekel,NA
174,"Basalt, br.",25,2421.7,NA,2437,20,121.8,Assyrian Shekel,NA
175,Alabaster,23-27,609.4,NA,609.6,5,121.9,Assyrian Shekel,NA
176,Bronze,25,122.6,NA,122.0,1,122.0,Assyrian Shekel,"From long house walls, S.W. in town. Vth cent. B.C. (?)."
177,Bronze,33,58.4,2.6,61.0,1,122.0,Assyrian Shekel,NA
178,Bronze,43,20.5,NA,20.4,½,122.4,Assyrian Shekel,NA
179,Bronze,38-43,21.9,1.5,20.4,½,122.4,Assyrian Shekel,NA
180,"Syenite, bl.",42,245.1,NA,245.1,2,122.6,Assyrian Shekel,NA
181,"Basalt, br.",23-27,611.5,NA,613.6,5,122.7,Assyrian Shekel,NA
182,"Basalt, bl.",44,"33,090",B,"37,000",300,123.,Assyrian Shekel,NA
183,Alabaster,45,61.6,NA,61.6,½,123.2,Assyrian Shekel,NA
184,Bronze,43,33.8,3*,30.8,½,123.2,Assyrian Shekel,NA
185,"Syenite, bl.",8-38,3699.3,NA,3701.0,30,123.4,Assyrian Shekel,NA
186,Diorite,18-42,368.7,NA,370.4,30,123.5,Assyrian Shekel,NA
187,Limestone,46,61.4,NA,61.8,½,123.6,Assyrian Shekel,"Light brown and white limestone, soft."
188,Bronze,37-40,577.7,42,620,5,124.,Assyrian Shekel,NA
189,"Basalt, bl.",25-33,242.6,5.4,248.,2,124.0,Assyrian Shekel,NA
190,Bronze,66,127.7,4,124.,1,124.,Assyrian Shekel,NA
191,Bronze,26,125.7,NA,124.0,1,124.0,Assyrian Shekel,NA
192,"Bronze, L.",26,249.3,NA,249,2,124.5,Assyrian Shekel,NA
193,Bronze,51,24.9,1,24.9,½,124.5,Assyrian Shekel,"From middle of E. side of town. Level 340. Early VIth cent. B.C. The fraction of one-fifth of the shekel appears to be unlikely, but there is another, No. 271, and another of the same form, but one-fourth shekel, No. 270; and the form is essentially Syrian. It will be observed that the three kat weights of this type have more ridge in the middle, and are of black bronze, unlike these. I have also a one shekel, exactly of this type, and bronze (bought in Cairo, 1885), and a bronze two shekel, pierced at one end, from Beirut."
194,Limestone,19-33,592.8,32,623,5,124.6,Assyrian Shekel,Soft decaying limestone.
195,Alabaster,12-24,622.4,NA,622.8,5,124.6,Assyrian Shekel,NA
196,Bronze,57,251.3*,NA,249.6,2,124.8,Assyrian Shekel,NA
197,Bronze,66,120.7,43,125.0,10,125.,Assyrian Shekel,NA
198,Bronze,19-27,238.6,11,250,2,125.,Assyrian Shekel,NA
199,Bronze,26-33,238.4,13,251,2,125.5,Assyrian Shekel,NA
200,"Basalt, br.",38,1504.5,NA,1507,12,125.6,Assyrian Shekel,NA
201,"Porphyry, gn.",4-7,377.5,NA,377.5,30,125.8,Assyrian Shekel,"Black-green porphyry, with grey-green crystals."
202,Bronze,33-40,630.6,*,629.,5,125.8,Assyrian Shekel,NA
203,Limestone,27,2506.6,NA,2520,20,126.0,Assyrian Shekel,"Hard white limestone, weathering brown and smooth; Mokattam stone (?)."
204,Limestone,14,756.5,NA,756.0,6,126.0,Assyrian Shekel,"Hard white limestone (see No. 111). Found with large find of bronzes, middle of IIIrd cent. B.C."
205,Lead,63,385.4,36,378,3,126.,Assyrian Shekel,"Found in temenos of Apollo, with drab bowls, painted with eyes. End of VIth cent. B.C."
206,Bronze,25,20.8,5,21.0,½,126.,Assyrian Shekel,NA
207,"Basalt, br.",38,1259.2,NA,1261.6,10,126.2,Assyrian Shekel,NA
208,Limestone,31,249.9,NA,252.5,2,126.2,Assyrian Shekel,See No. 11.
209,"Basalt, bl.",36,63.1,NA,63.1,1,126.2,Assyrian Shekel,NA
210,"Basalt, br.",12-27,252.9,NA,252.9,2,126.5,Assyrian Shekel,NA
211,Bronze,37,121.0,NA,126.5,1,126.5,Assyrian Shekel,NA
212,"Basalt, br.",33,1517.1,NA,1519.3,12,126.6,Assyrian Shekel,NA
213,"Bronze, L.",33,1281.0,NA,1247,10,126.7,Assyrian Shekel,Found with No. 237; both of fine form.
214,Alabaster,23-27,252.2,NA,253.4,2,126.7,Assyrian Shekel,NA
215,"Basalt, bl.",12,2527.2,NA,2536,20,126.8,Assyrian Shekel,NA
216,Alabaster,30,126.5,NA,126.8,1,126.8,Assyrian Shekel,NA
217,Limestone,18-23,126.8,NA,126.8,1,126.8,Assyrian Shekel,"Soft, jet-black, highly polished, limestone. I have one similar in form and material, of 132.2 (Cairo, 1884)."
218,"Basalt, br.",38-41,761.6,NA,761.6,6,127.0,Assyrian Shekel,NA
219,Bronze,25,128.4,4,127.,1,127.,Assyrian Shekel,NA
220,Limestone,78,1906.3,NA,1906.9,15,127.1,Assyrian Shekel,"Hard light brown limestone, good work."
221,Bronze,33-40,611.7,24,630,5,127.2,Assyrian Shekel,NA
222,Bronze,83-84,22.6,1.4,21.2,½,127.2,Assyrian Shekel,From burnt potter's rubbish in N. town. Level 370. Vth cent. B.C. (?).
223,Bronze,26,10.9,NA,10.6,¼,127.2,Assyrian Shekel,NA
224,"Basalt, gn.",33,7633,NA,7636,60,127.3,Assyrian Shekel,"Fine work, and polished; slightly too low and upright sides for pure domed type."
225,"Syenite, bl.",27-33,254.6,NA,254.6,2,127.3,Assyrian Shekel,NA
226,Alabaster,18-27,254.9,NA,254.9,2,127.5,Assyrian Shekel,NA
227,Limestone,6,255.3,NA,255.3,2,127.7,Assyrian Shekel,"Dark grey limestone pebble, ground down on under side."
228,Alabaster,18-27,639.0,NA,639.0,5,127.8,Assyrian Shekel,NA
229,Alabaster,18,638.8,NA,638.1,5,127.8,Assyrian Shekel,NA
230,Bronze,66,656.0,16,640,5,128.0,Assyrian Shekel,From middle of E. side of town. Level 400. Vth cent. B.C.
231,Harmatite,1-2,128.0,NA,128.0,1,128.0,Assyrian Shekel,NA
232,Bronze,43,128.7,21,128.,1,128.,Assyrian Shekel,NA
233,Bronze,25,0.0,10,16?,1,128?,Assyrian Shekel,NA
234,"Basalt, bl.",12,1281.2,NA,1283.0,10,128.3,Assyrian Shekel,NA
235,"Basalt, br.",14-19,641.0,NA,641.7,5,128.3,Assyrian Shekel,NA
236,"Syenite, bl.",27-37,1537.1,NA,154.1,12,128.4,Assyrian Shekel,NA
237,Bronze,33,659.0,23,642,5,128.4,Assyrian Shekel,Found with No. 213.
238,Limestone,79,1283.7,NA,1285.2,10,128.5,Assyrian Shekel,"Hard pale pink limestone. I have a similar one from Thebes (1885), but rather darker, weighing 94.9, which is apparently the Æginetan drachma; but the form seems to be derived from the duck weights, and is somewhat analogous to Nos. 220 and 267."
239,Bronze,13-25,65.8,1.5,64.3,½,128.6,Assyrian Shekel,"From the bottom of the second chamber from the east, on the S. side of the great mound."
240,"Basalt, br.",11,638.4,NA,643.5,5,128.7,Assyrian Shekel,NA
241,Bronze,66,388.6,NA,386,3,128.7,Assyrian Shekel,From middle of E. side of town. Level 400. Middle of Vth cent. B.C. (?).
242,"Basalt, br.",33-40,259.4,NA,259.4,2,128.7,Assyrian Shekel,NA
243,Limestone,64,128.7,NA,128.7,1,128.7,Assyrian Shekel,Very hard greenish-grey limestone (?).
244,Bronze,40,764.5,NA,773,6,128.8,Assyrian Shekel,NA
245,Bronze,40,634.6,NA,644,5,128.8,Assyrian Shekel,NA
246,Limestone,14,1285.1,NA,1289,10,128.9,Assyrian Shekel,"Hard, jet-black, highly-polished limestone. Hole in under face, to adjust by lead plugging (?)."
247,"Basalt, bl.",27,128.9,NA,128.9,1,128.9,Assyrian Shekel,NA
248,Bronze,37,139.9,60,129,1,129.,Assyrian Shekel,NA
249,"Basalt, bl.",23-27,2578.1,NA,2582,20,129.1,Assyrian Shekel,NA
250,Limestone,33,"30,970",NA,"31,020",240,129.3,Assyrian Shekel,Softish white limestone; fairly well made.
251,"Basalt, br.",38,646.5,NA,646.5,5,129.3,Assyrian Shekel,NA
252,Limestone,27-33,127.7,NA,129.5,1,129.5,Assyrian Shekel,Browny-grey limestone; rather dissolved on the surface.
253,Limestone,13,1296.1,NA,1296.0,10,129.6,Assyrian Shekel,"Hard browny-white limestone, brown face."
254,Bronze,25-29,11.1,3,10.8,¼,129.6,Assyrian Shekel,NA
255,Sandstone,2,"15,550",NA,"15,570",120,129.8,Assyrian Shekel,Certainly Assyrian by the multiple. We now reach the debatable ground of Attic and Assyrian standards.
256,"Basalt, br.",33-37,1297.9,NA,1298.0,10,129.8,Assyrian Shekel,Sides too straight and curves too fine to be likely to be Attic.
257,"Basalt, bl.",27,129.9,NA,129.9,1,129.9,Assyrian Shekel,Rather too straight and regular for Attic.
258,Bronze,57,130.2,21,130.0,1,130.0,Assyrian Shekel,So nearly cubic that it cannot be Attic.
259,Bronze,33,121.4,9,139.,1,130.,Assyrian Shekel,Rather too good a form for Attic.
260,Bronze,37,654.8,NA,652.,5,130.4,Assyrian Shekel,"Might be an Attic form, but the material is against it."
261,Limestone,49,260.5,NA,260.9,2,130.4,Assyrian Shekel,"Hardish dark brown-grey mottled limestone, very liable to crack. The form is distinctively Syrian, and this is the only one found here. The stone is like one from Syria."
262,Bronze,25,16.5,NA,16.3,½,130.4,Assyrian Shekel,"Assyrian by the fraction, probably; no quarter drachma is known, but quarter shekels are found here."
263,Bronze,67,3915.0,NA,3922.,30,130.8,Assyrian Shekel,"Assyrian by the tapering form and the rosette pattern. There is a similar weight in the Brit. Mus., with a rosette, weighing now 651.4, or five shekels of 130.4, a high standard agreeing closely with this."
264,Bronze,57,261.1,NA,262.0,2,131.0,Assyrian Shekel,"From middle of E. side of town. Level 400. Middle of Vth cent. B.C. Shekel, because found with No. 241 of same form, which is three shekels, and also with No. 230, five shekels."
265,Bronze,frog,136.3,5,131.,1,131.,Assyrian Shekel,"Frog weight. Several frog weights are known in bronze and stone, but they do not seem to be all on the same standard; most of them are shekels, however. That they are weights seems likely from their never having been pierced or attached to any object, and from weights in the form of a frog being represented in sculptures. (See ""Archæological Journal,"" xl. 421.)"
266,"Basalt, bl.",33,7871-,NA,7872.,60,131.2,Assyrian Shekel,"Too fine in shape for an Attic weight, and certainly Assyrian by the multiple."
267,"Basalt, br.",80,657.7,NA,6583.,5,131.7,Assyrian Shekel,"Ovoid of the modified duck type, therefore probably Assyrian; an ovoid Attic (No. 320) is flattened on the top, not like this."
268,Bronze,63-66,132.2,7,132.,1,132.,Assyrian Shekel,"Too nearly cubic for Attic weights; and 268 found with Assyrian weights, Nos. 230, 241, 264, and 272. Level 400. Vth cent. B.C."
269,Bronze,51,33.0,1.5,33.0,½,132.0,Assyrian Shekel,"Too nearly cubic for Attic weights; and 268 found with Assyrian weights, Nos. 230, 241, 264, and 272. Level 400. Vth cent. B.C."
270,Bronze,57,29.5,3.5,33.,½,132.,Assyrian Shekel,"No Attic weights known of this type, which is Assyrian."
271,Bronze,51-52,26.8,NA,26.4,½,132.,Assyrian Shekel,"No Attic weights known of this type, which is Assyrian."
272,Bronze,66,339.5,12,334.,2,133.6,Assyrian Shekel,"Assyrian by the tapering form, and found with Nos. 230, 241, 264, and 268. Level 400. Vth cent. B.C."
273,Alabaster,58,639.0,NA,639.0,10,63.90,Attic Drachma,"Though this is a lower standard than any other Attic weight here, yet it is so precisely the proportions of the weights Nos. 288 and 323, the latter of which cannot be attributed to the Assyrian shekel, that it seems more likely, in the absence of any similar weight which is clearly Assyrian, that this class is all Attic. The style of this also, the rounding of the edges and bulging of the sides, is more Attic, and alabaster is rather commoner in Attic than in Assyrian weights."
274,Bronze,58,130.6,7.6,129,2,64.5,Attic Drachma,This is of the same class as the preceding.
275,Lead,64,126.0,11,129,2,64.5,Attic Drachma,"Lead, almost unknown in Assyrian weights, and therefore Attic."
276,Lead,60-69,656.7,130,647,10,64.7,Attic Drachma,"Lead, almost unknown in Assyrian weights, and therefore Attic."
277,"Syenite, bl.",27-33,1622.5,NA,1623.0,25,64.92,Attic Drachma,Attic by the multiple; 12½ shekels is never met with.
278,"Basalt, br.",27-40,3131.9,120,3250,50,65.0,Attic Drachma,Attic for the same reason.
279,Limestone,26,65.0,NA,65.0,1,65.0,Attic Drachma,"Of yellowish limestone, with purple-grey patches. A similar weight in form and colour is No. 357; and being probably both of one standard they must be Attic."
280,"Syenite, bl.",4-11,6495,NA,6502,100,65.02,Attic Drachma,"All Attic by multiples; 281 from Ptolemaic house on E. side of town, IIIrd cent. B.C.; find 93, with Nos. 13, 65, and 475."
281,Syenite,12-43,6511,NA,6519,100,65.19,Attic Drachma,"All Attic by multiples; 281 from Ptolemaic house on E. side of town, IIIrd cent. B.C.; find 93, with Nos. 13, 65, and 475."
282,"Basalt, br.",11,2607.6,NA,2608.6,40,65.21,Attic Drachma,"All Attic by multiples; 281 from Ptolemaic house on E. side of town, IIIrd cent. B.C.; find 93, with Nos. 13, 65, and 475."
283,"Basalt, br.",32,6523,NA,6529,100,65.29,Attic Drachma,"All Attic by multiples; 281 from Ptolemaic house on E. side of town, IIIrd cent. B.C.; find 93, with Nos. 13, 65, and 475."
284,Limestone,27-38,643.9,NA,653,10,65.3,Attic Drachma,"Hard white limestone, badly made, like No. 313. From this, and the form, probably Attic."
285,"Basalt, br.",27,1632.1,NA,1634.5,25,65.38,Attic Drachma,Attic by multiples.
286,Bronze,40,31.9,8,32.7,1,65.4,Attic Drachma,Attic by multiples.
287,"Basalt, br.",18-27,6512,NA,6547,100,65.47,Attic Drachma,Attic by multiples.
288,Bronze,58,1326.6,NA,1310,25,65.5,Attic Drachma,See 273.
289,"Basalt, bl.",19-27,262.3,NA,262.5,4,65.62,Attic Drachma,like 315 in form and colour; therefore Attic.
290,"Basalt, br.",11,2628.1,NA,2629,40,65.72,Attic Drachma,"Attic by multiples. We have now reached so far beyond the usual range of the shekels that weights should be attributed to the Attic standard, unless there is strong evidence for the Assyrian."
291,"Basalt, br.",19-27,6570.4,NA,6582,100,65.82,Attic Drachma,"Attic by multiples. We have now reached so far beyond the usual range of the shekels that weights should be attributed to the Attic standard, unless there is strong evidence for the Assyrian."
292,Limestone,39,6588.5,NA,6586?,100,65.86,Attic Drachma,"Attic by multiples. 292. Hard white limestone. A hole in the top is partly filled with lead; this was probably put in to adjust the weight; but it is possible that there was a handle leaded in, which is now lost. We have now reached so far beyond the usual range of the shekels that weights should be attributed to the Attic standard, unless there is strong evidence for the Assyrian."
293,"Basalt, bl.",30,658.8,NA,658.9,10,65.89,Attic Drachma,NA
294,Limestone,32-40,658.5,NA,659.0,10,65.90,Attic Drachma,Fine hard white limestone.
295,"Basalt, bl.",12-23,2631.5,NA,2637,40,65.92,Attic Drachma,NA
296,Limestone,12-11,2521.6,120,2640,40,56.00,Attic Drachma,"Fair white limestone, but powdery on surface."
297,Lead,62,64.7,50,66.0,10,66.0,Attic Drachma,NA
298,Lead,64-70,228.3,180,330,5,66.,Attic Drachma,NA
299,Limestone,38,390.0,NA,329.9,5,66.00,Attic Drachma,Fine hard white limestone.
300,Lead,63,153.5,50,133,2,66.,Attic Drachma,NA
301,"Basalt, bl.",38,132.0,NA,132.0,2,66.0,Attic Drachma,NA
302,Bronze,69,121.8,16,132,2,66.,Attic Drachma,NA
303,Bronze,34-37,134.2,NA,132,2,66.0,Attic Drachma,NA
304,"Syenite, gr.",3-12,5278.7,NA,5283,80,66.04,Attic Drachma,NA
305,"Syenite, bl.",36,6608,NA,6609,100,66.09,Attic Drachma,NA
306,Limestone,8,"198,280",NA,"198,300",3000,66.10,Attic Drachma,"Chiselled down to a flat surface below, and rough chipped to a fairly smooth curve above. Hard white limestone."
307,Syenite,36-37,6574,NA,6626.,100,66.26,Attic Drachma,NA
308,"Bronze, L.",26-27,1332.2,NA,1326,20,66.3,Attic Drachma,NA
309,Bronze,26,269.5,NA,265.5,4,66.37,Attic Drachma,NA
310,"Basalt, br.",18-38,1327.5,NA,1327.5,20,66.38,Attic Drachma,NA
311,"Basalt, br.",39,1657.9,NA,1660.,25,66.40,Attic Drachma,NA
312,"Syenite, gr.",37-38,2658.1,NA,2660.,40,66.50,Attic Drachma,NA
313,Limestone,18,659.7,NA,665,10,66.5,Attic Drachma,Soft white limestone.
314,"Basalt, bl.",26-27,133.0,NA,133.0,2,66.5,Attic Drachma,NA
315,"Basalt, br.",19,665.9,NA,666.3,10,66.63,Attic Drachma,NA
316,Lead,62,647.6,20,667,10,66.7,Attic Drachma,"The only leaden weight of the type so common at Alexandria; nearly all the lead of Naukratis is in thinner pieces, or flat sheets."
317,"Basalt, bl.",18,667.3,NA,667.8,10,66.78,Attic Drachma,NA
318,"Basalt, bl.",18,2665.7,NA,2673,40,66.82,Attic Drachma,NA
319,"Basalt, br.",26-28,1335.3,NA,1336.8,20,66.84,Attic Drachma,NA
320,"Syenite, gr.",77,6635,NA,6637,100,66.69,Attic Drachma,NA
321,"Basalt, bl.",18-37,6644,NA,6700,100,67.0,Attic Drachma,NA
322,"Basalt, bl.",12-40,1336.0,NA,1340,20,67.0,Attic Drachma,NA
323,Bronze,60,68.8,1.8,67.0,1,67.0,Attic Drachma,NA
324,"Syenite, gr.",11-38,2676.8,NA,2681.4,40,67.03,Attic Drachma,NA
325,Alabaster,23,132.1,NA,134.2,2,67.1,Attic Drachma,NA
326,Alabaster,38,134.2,NA,134.2,2,67.1,Attic Drachma,NA
327,"Basalt, br.",38,6719,NA,6719,100,67.19,Attic Drachma,NA
328,"Basalt, bl.",29,6680,NA,6735,100,67.35,Attic Drachma,NA
329,"Basalt, bl.",27-33,1671.9,NA,1684,25,67.36,Attic Drachma,NA
330,"Basalt, bl.",11-40,1347.3,NA,1347.3,20,67.36,Attic Drachma,NA
331,"Syenite, gn.",32,134.7,NA,134.7,2,67.4,Attic Drachma,NA
332,Bronze,90,331.1,NA,337,5,67.4,Attic Drachma,Looks more as if a mediæval piece.
333,Limestone,8-44,"201,380",NA,"202,400",3000,67.47,Attic Drachma,"Like 306, but under side a face of dressed building stone (?)."
334,"Basalt, bl.",23-27,3362.6,NA,3374,50,67.48,Attic Drachma,NA
335,Alabaster,12-43,6705,NA,6754,100,67.54,Attic Drachma,NA
336,"Basalt, bl.",33,3370.9,NA,3379,50,67.58,Attic Drachma,NA
337,"Basalt, br.",11-12,2707.8,NA,2708,40,67.70,Attic Drachma,NA
338,Limestone,"16, 03",671.4,NA,677,10,67.7,Attic Drachma,"Burnt white limestone, powdery. The X on the top may be the Roman numeral X."
339,Bronze,37,264.4,5.6,270,4,67.7,Attic Drachma,NA
340,Lead,68-70,265.3,26,271,4,67.7,Attic Drachma,NA
341,"Basalt, br.",18-27,1265.0,60,1355,20,67.75,Attic Drachma,NA
342,Bronze,26,44.8,NA,45.2,½,67.8,Attic Drachma,NA
343,"Syenite, br.",38,6796,NA,6797,100,67.97,Attic Drachma,NA
344,Alabaster,38,649.2,30,680,10,68.0,Attic Drachma,NA
345,Lead,70,40.7,7,34,½,68.,Attic Drachma,NA
346,"Basalt, bl.",38,136.1,NA,136.1,2,68.05,Attic Drachma,NA
347,"Basalt, bl.",23-27,1358.9,NA,1362.4,20,68.12,Attic Drachma,NA
348,"Basalt, bl.",23-27,2721.9,NA,2727.,40,68.17,Attic Drachma,NA
349,"Syenite, br.",11-38,681.2,NA,681.7,10,68.17,Attic Drachma,NA
350,"Basalt, bl.",11-38,681.4,NA,682.0,10,68.20,Attic Drachma,NA
351,Lead,68,273.2,8,273,4,68.2,Attic Drachma,NA
352,Limestone,26-29,681.3,NA,682.3,10,68.23,Attic Drachma,Hardish grey limestone.
353,Limestone,11-38,973.1,NA,978.1,4,68.93,Attic Drachma,"Fine hard white limestone, colour and form as 299."
354,Bronze,33,22.9,NA,22.8,½,68.4,Attic Drachma,"Attic, and not kat standard by the multiples."
355,"Basalt, bl.",25-27,6838,NA,6848,100,68.48,Attic Drachma,"Attic, and not kat standard by the multiples."
356,Bronze,12-25,130.5,6.5,137,2,68.5,Attic Drachma,Attic by the connection with No. 279.
357,Limestone,23-27,69.4,NA,69.4,1,69.4,Attic Drachma,Attic by the rounded form.
358,Bronze,25,23.9,4,24,½,72.,Attic Drachma,Attic by the multiples.
359,Bronze,26,12.7,3,12.4,⅓,74.4,Attic Drachma,Attic by the multiples.
360,Bronze,16.98,16.8,NA,16.7,½,200.4,Phonician Schekel,Phœnician by resemblance to 383.
361,"(Stone), bl.",56,1766.2,NA,1766.2,8,208.3,Phonician Schekel,"A very hard black silicate, taking a high polish; like Nos. 401, 435, and 451; all rectangular, two Phœnician, and two Æginetan."
362,"Basalt, bl.",20,17.4,NA,17.4,¼,208.8,Phonician Schekel,NA
363,"Basalt, bl.",16,4144.8,NA,4190,20,209.5,Phonician Schekel,NA
364,Bronze,26-33,65.9,65,105,½,210,Phonician Schekel,NA
365,Alabaster,35,78.7,31,105,½,210,Phonician Schekel,NA
366,Alabaster,25,105.4,NA,105.6,½,211.2,Phonician Schekel,NA
367,Bronze,25,26.4,4.,26.4,⅛,211.2,Phonician Schekel,NA
368,Sandstone,2-11,"51,040",NA,"51,100",240,212.9,Phonician Schekel,"Browny-white quartzite; rough in shape, with a hollow in the top."
369,Bronze,24-26,436.1,10,426.,2,213.,Phonician Schekel,NA
370,Bronze,25,110.4,3.4,107,½,214.,Phonician Schekel,NA
371,Marble,65,831.6,30,860,4,215.,Phonician Schekel,"White marble, crumbly."
372,Bronze,33,52.9,NA,54.1,¼,216.4,Phonician Schekel,NA
373,Bronze,65,170.9.5,NA,1740,8,217.5,Phonician Schekel,NA
374,"Basalt, bl.",33,27.2,NA,27.2,⅛,217.5,Phonician Schekel,NA
375,"Basalt, br.",11-19,435.2,NA,435.2,2,217.6,Phonician Schekel,NA
376,Bronze,36,190.7,57,218,1,218,Phonician Schekel,NA
377,Bronze,36,20.2,2,18.2,¼,218.4,Phonician Schekel,Found in loose stuff over the scarab factory.
378,Bronze,25,112.0,2.5,109.5,½,219.,Phonician Schekel,NA
379,Lead,86,2521.8,320,2200,10,220,Phonician Schekel,Found just inside the E. wall of the temenos of the Dioskouroi. Vth cent. B.C. (?).
380,Limestone,5,442.7,NA,442.7,2,221.3,Phonician Schekel,"Brownish-grey limestone pebble, ground flat below; like 227, but browner."
381,Bronze,21-35,230.4,17,222.,1,222.,Phonician Schekel,NA
382,Bronze,57,7.0,2,7.0,1,222.,Phonician Schekel,NA
383,Bronze,"25, 97",18.7,NA,18.5,⅟₁₂,222.,Phonician Schekel,NA
384,Bronze,64-67,223.8,NA,223.,1,223.,Phonician Schekel,NA
385,"Basalt, bl.",42-46,4410.0,NA,4470.,20,223.5,Phonician Schekel,NA
386,"Granite, red",5,"53,980",NA,"54,130",240,225.4,Phonician Schekel,"Looks much like a piece of a granite corn-rubber, trimmed down at the ends, and rounded."
387,"(Stone), bl.",7,5646,NA,5658,25,226.3,Phonician Schekel,NA
388,Alabaster,23,2646.9,B,4550,20,227.5,Phonician Schekel,NA
389,Bronze,25,61.0,4,57.,¼,228.,Phonician Schekel,From burnt potter's rubbish in N. town. Level 300. VIth cent. B.C.
390,Bronze,40,54.3,3,57.,¼,228.,Phonician Schekel,NA
391,"Syenite, bl.",3,182.4,NA,1825.,8,228.1,Phonician Schekel,NA
392,"Basalt, bl.",27-40,457.0,NA,457.0,2,228.5,Phonician Schekel,NA
393,Alabaster,20-40,227.0,NA,228.5,1,228.5,Phonician Schekel,NA
394,Bronze,18-38,38.8,NA,38.3,⅙,229.8,Phonician Schekel,NA
395,Bronze,25,112.5,3,115?,½,230?,Phonician Schekel,NA
396,"Syenite, bl.",4,5697.5,NA,5770,25,230.8,Phonician Schekel,NA
397,Bronze,66,230.3,10,231.,1,231.,Phonician Schekel,Found with Assyrian weights. (See 268.) Level 400. Vth cent. B.C.
398,Bronze,66,80.8,4,77.0,⅓,231.,Phonician Schekel,NA
399,Bronze,33,39.5,1,38.5,⅙,231.,Phonician Schekel,"Very peculiar form, as if two barrel weights conjoined."
400,Limestone,37,115.6,NA,115.6,½,231.2,Phonician Schekel,Hard polished white limestone (or magnesite?) flawed.
401,"(Stone), bl.",65,924.9,NA,926.2,4,231.6,Phonician Schekel,See No. 361.
402,Bronze,58,121.0,5,116.,½,232,Phonician Schekel,NA
403,Bronze,"66, 96",131.9,16,116.,½,232,Phonician Schekel,NA
404,Limestone,18,231.7,NA,232.9,1,232.9,Phonician Schekel,"White limestone, like Nos. 203, 204, 253."
405,"Syenite, gr.",42-46,4649.5,NA,4676,20,233.8,Phonician Schekel,NA
406,Bronze,23-33,1145.0,32,1170,5,234.0,Phonician Schekel,NA
407,Lead,61-65,232.9,15,234,1,234.,Phonician Schekel,NA
408,Bronze,26,125.7,9,117,½,234.,Phonician Schekel,NA
409,Limestone,44,584.8,NA,585.6,2½,234.2,Phonician Schekel,Hard white limestone.
410,Bronze,33-37,250.3,15,235.,1,235.,Phonician Schekel,NA
411,Bronze,33-37,231.6,NA,235,1,235.,Phonician Schekel,NA
412,"Basalt, br.",23,"10,088",B,"11,800",50,236.0,Phonician Schekel,NA
413,Alabaster,23-27,2748.7,B,"11,850",50,237.,Phonician Schekel,NA
414,Bronze,66,82.6,3.6,79.0,⅓,237.,Phonician Schekel,NA
415,Lead,62-68,328.3,100,350,4,87.5,Phonician Schekel,NA
416,Bronze,26-33,353.5,NA,351,4,87.6,Phonician Schekel,NA
417,Bronze,62-70,180.9,4,177,2,88.5,Phonician Schekel,NA
418,"Bronze, L.",33,570.0,42,537,6,89.5,Phonician Schekel,A remarkable example of a bronze case with less than one-sixth filled with lead.
419,Limestone,43,451.1,NA,45.1,½,90.2,Phonician Schekel,Hard browny-white limestone.
420,Bronze,89,50.3,4,460,½,92.0,Phonician Schekel,NA
421,Lead,60,215.6,80,185,2,92.5,Phonician Schekel,NA
422,Marble,15,1116.0,NA,1116.0,12,93.0,Phonician Schekel,White saccharine marble.
423,Bronze,33-40,379.0,9,376.,4,94.0,Phonician Schekel,NA
424,Bronze,33-37,101.1,7,94.,1,94.,Phonician Schekel,NA
425,Limestone,15,188.2,NA,188.5,2,94.3,Phonician Schekel,Softish grey limestone.
426,Limestone,15,94.7,NA,94.7,1,94.7,Phonician Schekel,"Harder grey-brown limestone; these four disc weights (422, 425 to 427), closely agreeing is remarkable, as the type does not occur again."
427,"Syenite, gr.",12-15,23.7,NA,23.7,¼,94.8,Phonician Schekel,NA
428,Bronze,24,768.1,NA,760.,8,95.0,Phonician Schekel,NA
429,"Basalt, bl.",33,47.5,NA,47.5,½,95.0,Phonician Schekel,NA
430,"Basalt, bl.",32,"23,770",NA,"23,770",250,95.1,Phonician Schekel,NA
431,"Basalt, bl.",20,23.8,NA,23.8,¼,95.2,Phonician Schekel,NA
432,"Basalt, bl.",26-27,"23,860",NA,"23,830",250,95.5,Phonician Schekel,NA
433,"Basalt, bl.",38-39,573.5,NA,673.5,6,95.6,Phonician Schekel,NA
434,"Syenite, gr.",84,48.0,NA,48.0,½,96.0,Phonician Schekel,"Black and white syenite, like No. 2, &c."
435,"(Stone), bl.",87,776.7,NA,77.2,8,97.1,Phonician Schekel,See 361.
436,Bronze,38,49.2,NA,48.7,½,97.4,Phonician Schekel,NA
437,Bronze,33-40,391.0,NA,390.,4,97.5,Phonician Schekel,NA
438,Bronze,34-37,400.1,26,390.,4,97.5,Phonician Schekel,NA
439,Lead,60,3820.8,99,390.5,40,97.6,Phonician Schekel,NA
440,Bronze,32-34,391.5,NA,390.5,4,97.6,Phonician Schekel,NA
441,"Basalt, br.",27,4882.8,NA,4883,50,97.7,Phonician Schekel,NA
442,"Basalt, bl.",32-33,779.3,NA,781.5,8,97.7,Phonician Schekel,NA
443,"Syenite, gr.",9-10,4879.6,NA,4890,50,97.8,Phonician Schekel,NA
444,Limestone,1-41,780.1,NA,783.0,8,97.9,Phonician Schekel,Very soft white limestone.
445,"Basalt, bl.",9,3917.6,NA,3917.6,40,97.9,Phonician Schekel,NA
446,"Bronze, L.",25,397.7,NA,392.,4,98.0,Phonician Schekel,NA
447,"Bronze, L.",26-27,394.8,NA,392.,4,98.0,Phonician Schekel,NA
448,Alabaster,23,3877.0,NA,3925,40,98.1,Phonician Schekel,NA
449,"Basalt, bl.",27-33,786.4,NA,787.5,8,98.4,Phonician Schekel,NA
450,Alabaster,58,787.1,NA,790.,8,98.7,Phonician Schekel,NA
451,"(Stone), bl.",65,797.4,NA,798.0,8,99.7,Phonician Schekel,See 361.
452,"Basalt, br.",38-39,5960.2,200,6160,80,77.0,Eighty Grain,NA
453,"Basalt, br.",33,3094.9,NA,3098.5,40,77.5,Eighty Grain,NA
454,"Basalt, br.",17-26,77.6,NA,77.6,1,77.6,Eighty Grain,NA
455,Limestone,22,155.1,NA,155.3,2,77.6,Eighty Grain,Hard greyish-white limestone.
456,"Basalt, bl.",10-40,6148,NA,6230,80,77.9,Eighty Grain,NA
457,Bronze,10-37,94.3,16,78.,NA,78.,Eighty Grain,NA
458,"Syenite, bl.",10,3124.0,NA,3125.0,40,78.1,Eighty Grain,NA
459,"Syenite, gr.",55,1954.1,NA,1956.0,25,78.2,Eighty Grain,NA
460,"Syenite, gr.",25-33,6264.0,NA,6264,80,78.3,Eighty Grain,NA
461,"Syenite, gr.",85,3135.5,NA,3135.5,40,78.4,Eighty Grain,"This very strange block has been hollowed out with a conical hole in the top; this hole is picked, and not ground, except just at the edge; hence it cannot be the head-piece for a bow-drill. It is possibly intended to hold a metal weight."
462,"Basalt, br.",27,3129.3,NA,3137.,40,78.4,Eighty Grain,NA
463,Bronze,20-33,161.4,4,157,2,78.5,Eighty Grain,NA
464,Limestone,38,3145.9,NA,3152,40,78.8,Eighty Grain,Hard browny-white limestone.
465,"Syenite, bl.",15-16,315.7,NA,315.7,4,78.9,Eighty Grain,NA
466,Bronze,91,314.0,NA,316.,4,79.0,Eighty Grain,NA
467,Basalt,29-32,6282.,NA,6328.,80,79.1,Eighty Grain,NA
468,Lead,60,2230.6,150,2380,40,79.3,Eighty Grain,NA
469,"Basalt, br.",12,2370.9,NA,2381,40,79.4,Eighty Grain,NA
470,"Bronze, L.",19-27,815.9,20,795,10,79.5,Eighty Grain,NA
471,Alabaster,21,79.5,NA,79.5,1,79.5,Eighty Grain,NA
472,"Basalt, bl.",19-27,1594.8,NA,1595.1,20,79.7,Eighty Grain,NA
473,"Basalt, bl.",20-43,39.9,NA,39.9,½,79.8,Eighty Grain,NA
474,Alabaster,12-14,1344.7,B,2000,25,80.0,Eighty Grain,NA
475,"Basalt, bl.",23-33,1595.6,NA,1600.2,20,80.0,Eighty Grain,"Finely worked, and with a hole in the bottom for adjustment by lead plugging. Found in Ptolemaic house on E. side of town, IIIrd cent. B.C., with Nos. 13, 65, 281, and 489. Find 93."
476,Lead,16,198.3,4,200,2½,80.0,Eighty Grain,NA
477,Limestone,33-37,3204.1,NA,3210.,40,80.2,Eighty Grain,Hard white limestone.
478,"Glass, gn.",38-44,80.3,NA,80.3,1,80.3,Eighty Grain,NA
479,Bronze,"60, 94",239.7,NA,241.,3,80.3,Eighty Grain,"The three marks on this weight (see fig. 94) are inlaid with silver, and the weight is of fine work. There is a square bronze weight in Brit. Mus., from Egypt, marked T Θ H, which weighs 176.2. If it were divided by 9 (in accordance with the Θ) there would be a unit of 19.6, which might go 12 times in 241; but such a unit would not agree with any standard, unless it were one-fourth of the 80-grain standard, to which this is already classed."
480,"Basalt, bl.",33-37,160.8,NA,160.9,2,80.4,Eighty Grain,NA
481,"Syenite, gr.",38-40,4022.7,NA,4025.,50,80.5,Eighty Grain,NA
482,"Basalt, bl.",38,80.7.5,NA,8038.0,10,80.8,Eighty Grain,NA
483,"Syenite, gr.",7-10,8083.,NA,8092.,100,80.9,Eighty Grain,NA
484,Limestone,8-41,2019.6,NA,2026,25,81.0,Eighty Grain,Soft white limestone; roughly shaped.
485,"Syenite, gr.",55,2035.5,NA,2038.5,25,81.5,Eighty Grain,NA
486,Alabaster,14,1764.8,B,8200,100,82.,Eighty Grain,NA
487,"Basalt, br.",26-33,"125,930",B,"248,000",3000,82.7,Persian Silver Siglos,NA
488,Lead,60,502.8,60,500,6,83.3,Persian Silver Siglos,NA
489,Lead,60-69,4110.5,900,5000,60,83.3,Persian Silver Siglos,"Found with Nos. 13, 65, 281, and 475 in Ptolemaic house of IIIrd cent. B.C. Find 93."
490,"Syenite, br.",27-33,"10,177",NA,"10,198",120,85.0,Persian Silver Siglos,NA
491,"Syenite, gr.",55,2124.1,NA,2137.0,25,85.1,Persian Silver Siglos,NA
492,"Basalt, gn.",8,5155,NA,5155,60,85.9,Persian Silver Siglos,NA
493,"Syenite, gr.",9-54,2161.8,NA,2164,25,86.6,Persian Silver Siglos,NA
494,Bronze,"61, 99",205.0,NA,204.0,½,408.0,Roman Uncia,"The two marked on this refers prpbably to its being half of the uncia; compare similar marks for fractions on Assyrian lion weights, and the numeration of Triens, Quadrans, Quincunx, and Sextans."
495,Bronze,71,124.8,NA,123.5,3,411.6,Roman Uncia,This is a type of form very usual in black stone weights. (See Brit. Mus.)
496,Bronze,71,414.8,NA,414.0,1,414.0,Roman Uncia,NA
497,Bronze,71-74,416.1,NA,415.0,1,415.0,Roman Uncia,NA
498,Bronze,72,875.2,NA,868.0,20,43.4,Arabic Dirhem,"This type of weight has never been attributed yet; such weights are placed among the unclassed at Bulak, and are unlabelled in the British Museum. As this type is commonly to be met with in the bazaars of Cairo in use, and not showing any signs of great age, and as none of the weights of this type show such signs as Ptolemaic and earlier weights show, it seems clear that they are Cufic and Arabic. As, further, the unit of them is exactly the dirhem, and wukiyeh of 10 dirhems, there cannot remain any doubt on the question."
499,Bronze,72,435.8,NA,435.5,10,43.5,Arabic Dirhem,NA
500,Bronze,76,438.6,NA,436.0,10,43.6,Arabic Dirhem,"These discs are of a curious type; they agree to the wukiyeh, they do not show any sign of great age, and disc weights are in common use among the Arabs now."
501,Bronze,72,22.0.2,NA,220.,5,44.0,Arabic Dirhem,NA
502,Bronze,72,2219.2,NA,2240.,50,44.8,Arabic Dirhem,NA
503,Bronze,72,840.8,50,900.,20,45.0,Arabic Dirhem,NA
504,Glass,NA,90.9,NA,90.9,2,45.5,Arabic Dirhem,NA
505,Glass,NA,91.1,NA,91.1,2,45.6,Arabic Dirhem,NA
506,Bronze,13-72,226.4,NA,229,5,45.8,Arabic Dirhem,NA
507,Bronze,13-72,461.5,NA,460.0,10,46.0,Arabic Dirhem,NA
508,Bronze,13-72,230.6,NA,230.0,5,46.0,Arabic Dirhem,NA
509,Bronze,73,459.1,NA,460.0,10,46.0,Arabic Dirhem,NA
510,Bronze,73,461.7,NA,461.5,10,46.1,Arabic Dirhem,NA
511,Bronze,72,465.4,NA,463.0,10,46.3,Arabic Dirhem,NA
512,Glass,NA,93.4,NA,93.4,2,46.7,Arabic Dirhem,"This is one of the latest class of glass weights, with the flowing Arab script, instead of the Cufic. These glass weights, and Arab weights in general, were many of them bought of travelling dealers at Nebireh market, and none of them belong to the site of Naukratis."
513,Bronze,76,470.8,NA,468.0,10,46.8,Arabic Dirhem,"These discs are of a curious type; they agree to the wukiyeh, they do not show any sign of great age, and disc weights are in common use among the Arabs now."
514,Bronze,76,245.0,NA,244.5,5,48.9,Arabic Dirhem,NA
515,Sandstone,33,"91,070",B,"174,000",NA,NA,Uncertain,NA
516,Chalcedony,50,34.3,NA,34.3,NA,NA,Uncertain,NA
