No.,Material,Form,Present,Ch.,Ancient,x,Unit
1,Basalt gn.,32—33,273.6,,273.6,2,136.8
2,Syenite,29,165.8,,685.8,5,137.2
3,Basalt br.,33,2738.4,,2752,20,137.6
4,Basalt br.,21—26,1370.9,,1377,10,137.7
5,Basalt bl.,33,27.69,,2760,2,138.0
6,Bronze,92,138.8,,138.0,1,138.0
7,Syenite bl.,37—40,2759.6,,2763,20,138.1
8,Basalt br.,21—29,276.5,,276.5,2,138.2
9,Basalt br.,12,1383.1,,1383.1,10,138.3
10,Syenite bl.,38,2768,,2768,2,138.4
11,Limestone,31,138.4,,138.5,1,138.5
12,Alabaster,26—27,6919,,6933,5,138.7
13,Syenite,27—35,277.5,,277.6,2,138.8
14,Syenite gr.,33,138.9,,138.9,1,138.9
15,Basalt bl.,27—33,138.9,,138.9,1,138.9
16,Syenite bl.,27,69.5,,69.5,½,139.0
17,Bronze,25—36,769.3,14,695,5,139.0
18,Basalt br.,34,695.3,,695.3,50,139.1
19,Limestone,22—23,69.6,,69.6,½,139.2
20,Basalt bl.,37,6968,,6971,50,139.4
21,Bronze,38,2788,,2788.3,20,139.4
22,Basalt bl.,38—44,69.7,,69.7,1,139.4
23,Limestone,25—33,27615,,27900,200,139.5
24,Limestone,20,208.3,11,279,2,139.5
25,Bronze,18—38,2791.8,,2794,20,139.7
26,Basalt br.,18—38,2798.7,,27487,20,139.9
27,Serpentine,19—23,2798.2,,2768,20,139.9
28,Alabaster,36—44,6996.5,,699.5,5,139.9
29,Sandstone,38,1398.7,,140,10,140.0
30,Alabaster,38,1372.0,28,140,10,140.0
31,Bronze,33,72.9,21,70,5,140.0
32,Bronze,33,77.1,63,140,1,140
33,Syenite bl.,38,139.8,,140.0,1,140.0
34,Alabaster,33,139.9,14,140.0,1,140
35,Bronze bl.,52,26.0,2,28.0,⅕,140
36,Basalt br.,23—33,2804,,2804,2,140.2
37,Basalt bl.,23,1399.4,,1403.3,10,140.3
38,Basalt gn.,18,2808,,2810,2,140.5
39,Syenite bl.,18,6390,,7030,5,140.6
40,Basalt br.,18,633,B,704.0,50,140.8
41,Bronze,33,699.7,,704.0,5,140.8
42,Granite red,20—23,70440,,70440,500,140.9
43,Basalt bl.,23—27,702.5,,704.5,5,140.9
44,Bronze,60,1342.7,70,1410,10,141.0
45,Syenite gr.,33,282.1,,282.1,2,141.1
46,Basalt br.,39,1412.0,,1414.2,10,141.4
47,Bronze,33,284.1,,282.7,2,141.4
48,Basalt br.,33,283.0,,283.0,2,141.5
49,Basalt bl.,27,2827.8,,2831.5,20,141.6
50,Hematite br.,1,283.4,,283.4,2,141.7
51,Basalt bl.,33,28140,,28400,200,142.0
52,Limestone,11—12,2827.8,,2840,20,142.0
53,Basalt br.,26—33,283.2,,284.0,2,142.0
54,Bronze,26,144.0,2,142,1,142
55,Syenite bl.,40,284.2,,284.2,2,142.1
56,Alabaster,25,1369.2,,1422,10,142.2
57,Basalt br.,12,704.7,,711,5,142.2
58,Hematite br.,9—39,707.5,,711.5,5,142.3
59,Syenite gn.,59,7110,,7117,50,142.3
60,Bronze L.,36,709.7,,712,5,142.4
61,Basalt br.,44100,570.7,,570.7,4,142.7
62,Limestone,38,1427.5,,1428.0,10,142.8
63,Alabaster,16—35,713.6,,714.0,5,142.8
64,Syenite bl.,38,1428.0,,1428.8,10,142.9
65,Syenite,27,285.8,,285.8,2,142.9
66,Bronze,32—33,287.5,,286.0,2,143.0
67,Basalt bl.,25—33,141.3,,143.0,1,143.0
68,Syenite bl.,12—18,1431.0,,1431.0,10,143.1
69,Basalt bl.,20,714.2,,715.7,5,143.1
70,Basalt bl.,27—33,286.6,,286.6,2,143.3
71,Syenite,27,719.1,,717.5,5,143.5
72,Syenite gn.,8,2872.8,,2872.8,20,143.6
73,Limestone,27—30,143.7,,143.8,1,143.8
74,Basalt br.,27,287.3,,287.8,2,143.9
75,Basalt bl.,26—27,143.9,,143.9,1,143.9
76,Basalt br.,27,717.8,,719.9,5,144.0
77,Pyroxene gn.,18,144.0,,144.0,1,144.0
78,Bronze,43,76.2,4,72,½,144
79,Basalt br.,27—33,1436.5,,1441,10,144.1
80,Syenite bl.,19—39,7138,,7210,50,144.2
81,Basalt bl.,33,288.4,,288.4,2,144.2
82,Basalt bl.,25—33,2877.1,,2890,20,144.5
83,Basalt br.,26—33,144.6,,144.5,1,144.5
84,Sandstone,36,2891.9,,2893,20,144.7
85,Bronze,20—40,143.2,,1447,1,144.7
86,Basalt bl.,38—39,1448.6,,1448.9,10,144.9
87,Syenite,23—27,289.7,,289.7,2,144.9
88,Limestone,8—19,289.8,,289.8,2,144.9
89,Bronze,47,72.7,,72.5,½,145
90,Basalt br.,33—34,7213,,7245,50,145.0
91,Basalt br.,33,8292,B,14500,100,145
92,Basalt br.,27,2900.1,B,2900,20,145
93,Granite gr.,39,2823.5,,2890,20,145.0
94,Bronze bl.,52,27.2,2,29.0,⅕,145
95,Basalt bl.,26—27,145.1,,145.1,1,145.1
96,Basalt br.,33,6768,B,7270,53,145.4
97,Porphyry gr.,54,2907.0,,2907.5,20,145.4
98,Basalt br.,37—38,727.0,,727.0,5,145.4
99,Hematite bl.,11,727.2,,727.2,5,145.4
100,Syenite gr.,27,727.0,,727.0,5,145.4
101,Porphyry gn.,81,727.6,,727.6,5,145.5
102,Syenite bl.,40—43,2908.3,,2912,20,145.6
103,Basalt br.,27—33,2913.3,,2915,20,145.7
104,Basalt bl.,18—19,2916.2,,2916.2,20,145.8
105,Basalt bl.,26—33,145.8,,145.8,1,145.8
106,Basalt br.,16,2910.3,,2920,20,146.0
107,Bronze,33—40,638.7,90,730,5,146
108,Basalt bl.,26—33,292.5,,292.4,2,146.2
109,Syenite bl.,8,731.4,,731.6,5,146.3
110,Basalt bl.,25—33,292.5,,292.5,2,146.3
111,Limestone,20—40,1439.6,,1465,10,146.5
112,Basalt bl.,27—33,292.9,,293.0,2,146.5
113,Basalt bl.,27—33,2933.5,,2934.5,20,146.7
114,Basalt br.,27—35,734.1,,734.6,5,146.9
115,Limestone,27—40,518.5,B,1470,10,147
116,Basalt bl.,40—44,147.1,,147.1,1,147.1
117,Basalt br.,33—37,2943.0,,2944.5,20,147.2
118,Basalt bl.,27,294.4,,294.4,2,147.2
119,Bronze bl.,51—52,20.0,,29.5,⅕,147.5
120,Basalt bl.,38,285.1,,285.1,2,147.6
121,Basalt br.,33,147.6,,147.6,1,147.6
122,Limestone,40,732.4,,7390,50,147.8
123,Syenite br.,38,1476.6,,1478.5,10,147.8
124,Syenite bl.,82,738.8,,738.8,5,147.8
125,Basalt br.,33,294.9,,295.6,2,147.8
126,Limestone,32,445.8,B,740,5,148
127,Basalt bl.,33,74.0,,74.0,½,148.0
128,Syenite gr.,33,1489.6,,1489.9,10,148.1
129,Syenite bl.,2,7408,,7408,50,148.2
130,Syenite gr.,43,1482.3,,1482.3,10,148.2
131,Basalt br.,33—40,7230,,7420,50,148.4
132,Syenite gr.,39,741.8,,741.8,5,148.4
133,Basalt br.,33,74.3,,74.3,½,148.6
134,Basalt bl.,25,742.9,,743.9,5,148.8
135,Alabaster,38—43,74.1,,74.4,½,148.8
136,Bronze,38,74.7,,74.4,½,148.8
137,Syenite gr.,8—11,2910.1,70,2980,20,149
138,Stone br.,41,148.0,,149?,1,149?
139,Basalt br.,27,2989.9,,2988,20,149.1
140,Basalt bl.,33,2975.4,,2982,20,149.1
141,Basalt bl.,23,2978.1,,2982,20,149.1
142,Basalt bl.,83,746.2,,746.2,5,149.2
143,Syenite gr.,33,7466,,7469,50,149.4
144,Basalt br.,23—27,7388,,7499,50,149.8
145,Syenite gn.,38,2995.1,,2997,20,149.8
146,Basalt bl.,33,298.7,,299.6,2,149.8
147,Basalt bl.,23,149.8,,149.8,1,149.8
148,Bronze L.,33—37,7090,40,750,5,150
149,Basalt bl.,33,299.6,,300.0,5,150.0
150,Basalt bl.,27—33,75.2,,75.2,½,150.4
151,Bronze,40,303.0,,301,2,150.5
152,Granite red,26,75290,,75290,500,150.6
153,Basalt bl.,33,300.4,,301.22,2,150.6
154,Syenite pk.,27—37,3013.5,,3016.0,20,150.8
155,Syenite bl.,41,75.4,,75.4,½,150.8
156,Syenite gr.,31—33,3026,,3026,2,151.3
157,Bronze,32,303.2,,305,2,152.5
158,Bronze,25—27,151.3,,153,1,153
159,Bronze (95),25-26,117.1,,116.6,1,116.6
160,Bronze,40,29.1,*6,19.5,½,117.
161,Bronze,44,61.5,3*,58.5,½,117.0
162,Bronze,41,60.0,,59.0,½,118.0
163,(Stone) red,88,59.1,,59.2,½,118.4
164,Bronze,26,60.8,1.4,59.4,1,118.8
165,Bronze,25-26,117.3,4,119,1,119.
166,Alabaster,18-71,598.0,,598.0,5,119.6
167,Marble,29,594.3,,599,5,119.8
168,Limestone,33,121.4,,121.4,1,121.4
169,Bronze,26,61.7,,60.7,1,121.4
170,Bronze,32,60.4,1.7,60.7,½,121.4
171,"Basalt, br.",48,2429.7,,2430.4,20,121.5
172,"Bronze, L.",57,613.6,14,608,5,121.6
173,Bronze,33-37,123.3,,121.6,1,121.6
174,"Basalt, br.",25,2421.7,,2437,20,121.8
175,Alabaster,23-27,609.4,,609.6,5,121.9
176,Bronze,25,122.6,,122.0,1,122.0
177,Bronze,33,58.4,2.6,61.0,1,122.0
178,Bronze,43,20.5,,20.4,½,122.4
179,Bronze,38-43,21.9,1.5,20.4,½,122.4
180,"Syenite, bl.",42,245.1,,245.1,2,122.6
181,"Basalt, br.",23-27,611.5,,613.6,5,122.7
182,"Basalt, bl.",44,"33,090",B,"37,000",300,123.
183,Alabaster,45,61.6,,61.6,½,123.2
184,Bronze,43,33.8,3*,30.8,½,123.2
185,"Syenite, bl.",8-38,3699.3,,3701.0,30,123.4
186,Diorite,18-42,368.7,,370.4,30,123.5
187,Limestone,46,61.4,,61.8,½,123.6
188,Bronze,37-40,577.7,42,620,5,124.
189,"Basalt, bl.",25-33,242.6,5.4,248.,2,124.0
190,Bronze,66,127.7,4,124.,1,124.
191,Bronze,26,125.7,,124.0,1,124.0
192,"Bronze, L.",26,249.3,,249,2,124.5
193,Bronze,51,24.9,1,24.9,½,124.5
194,Limestone,19-33,592.8,32,623,5,124.6
195,Alabaster,12-24,622.4,,622.8,5,124.6
196,Bronze,57,251.3*,,249.6,2,124.8
197,Bronze,66,120.7,43,125.0,10,125.
198,Bronze,19-27,238.6,11,250,2,125.
199,Bronze,26-33,238.4,13,251,2,125.5
200,"Basalt, br.",38,1504.5,,1507,12,125.6
201,"Porphyry, gn.",4-7,377.5,,377.5,30,125.8
202,Bronze,33-40,630.6,*,629.,5,125.8
203,Limestone,27,2506.6,,2520,20,126.0
204,Limestone,14,756.5,,756.0,6,126.0
205,Lead,63,385.4,36,378,3,126.
206,Bronze,25,20.8,5,21.0,½,126.
207,"Basalt, br.",38,1259.2,,1261.6,10,126.2
208,Limestone,31,249.9,,252.5,2,126.2
209,"Basalt, bl.",36,63.1,,63.1,1,126.2
210,"Basalt, br.",12-27,252.9,,252.9,2,126.5
211,Bronze,37,121.0,,126.5,1,126.5
212,"Basalt, br.",33,1517.1,,1519.3,12,126.6
213,"Bronze, L.",33,1281.0,,1247,10,126.7
214,Alabaster,23-27,252.2,,253.4,2,126.7
215,"Basalt, bl.",12,2527.2,,2536,20,126.8
216,Alabaster,30,126.5,,126.8,1,126.8
217,Limestone,18-23,126.8,,126.8,1,126.8
218,"Basalt, br.",38-41,761.6,,761.6,6,127.0
219,Bronze,25,128.4,4,127.,1,127.
220,Limestone,78,1906.3,,1906.9,15,127.1
221,Bronze,33-40,611.7,24,630,5,127.2
222,Bronze,83-84,22.6,1.4,21.2,½,127.2
223,Bronze,26,10.9,,10.6,¼,127.2
224,"Basalt, gn.",33,7633,,7636,60,127.3
225,"Syenite, bl.",27-33,254.6,,254.6,2,127.3
226,Alabaster,18-27,254.9,,254.9,2,127.5
227,Limestone,6,255.3,,255.3,2,127.7
228,Alabaster,18-27,639.0,,639.0,5,127.8
229,Alabaster,18,638.8,,638.1,5,127.8
230,Bronze,66,656.0,16,640,5,128.0
231,Harmatite,1-2,128.0,,128.0,1,128.0
232,Bronze,43,128.7,21,128.,1,128.
233,Bronze,25,0.0,10,16?,1,128?
234,"Basalt, bl.",12,1281.2,,1283.0,10,128.3
235,"Basalt, br.",14-19,641.0,,641.7,5,128.3
236,"Syenite, bl.",27-37,1537.1,,154.1,12,128.4
237,Bronze,33,659.0,23,642,5,128.4
238,Limestone,79,1283.7,,1285.2,10,128.5
239,Bronze,13-25,65.8,1.5,64.3,½,128.6
240,"Basalt, br.",11,638.4,,643.5,5,128.7
241,Bronze,66,388.6,,386,3,128.7
242,"Basalt, br.",33-40,259.4,,259.4,2,128.7
243,Limestone,64,128.7,,128.7,1,128.7
244,Bronze,40,764.5,,773,6,128.8
245,Bronze,40,634.6,,644,5,128.8
246,Limestone,14,1285.1,,1289,10,128.9
247,"Basalt, bl.",27,128.9,,128.9,1,128.9
248,Bronze,37,139.9,60,129,1,129.
249,"Basalt, bl.",23-27,2578.1,,2582,20,129.1
250,Limestone,33,"30,970",,"31,020",240,129.3
251,"Basalt, br.",38,646.5,,646.5,5,129.3
252,Limestone,27-33,127.7,,129.5,1,129.5
253,Limestone,13,1296.1,,1296.0,10,129.6
254,Bronze,25-29,11.1,3,10.8,¼,129.6
255,Sandstone,2,"15,550",,"15,570",120,129.8
256,"Basalt, br.",33-37,1297.9,,1298.0,10,129.8
257,"Basalt, bl.",27,129.9,,129.9,1,129.9
258,Bronze,57,130.2,21,130.0,1,130.0
259,Bronze,33,121.4,9,139.,1,130.
260,Bronze,37,654.8,,652.,5,130.4
261,Limestone,49,260.5,,260.9,2,130.4
262,Bronze,25,16.5,,16.3,½,130.4
263,Bronze,67,3915.0,,3922.,30,130.8
264,Bronze,57,261.1,,262.0,2,131.0
265,Bronze,frog,136.3,5,131.,1,131.
266,"Basalt, bl.",33,7871-,,7872.,60,131.2
267,"Basalt, br.",80,657.7,,6583.,5,131.7
268,Bronze,63-66,132.2,7,132.,1,132.
269,Bronze,51,33.0,1.5,33.0,½,132.0
270,Bronze,57,29.5,3.5,33.,½,132.
271,Bronze,51-52,26.8,,26.4,½,132.
272,Bronze,66,339.5,12,334.,2,133.6
273,Alabaster,58,639.0,,639.0,10,63.90
274,Bronze,58,130.6,7.6,129,2,64.5
275,Lead,64,126.0,11,129,2,64.5
276,Lead,60-69,656.7,130,647,10,64.7
277,"Syenite, bl.",27-33,1622.5,,1623.0,25,64.92
278,"Basalt, br.",27-40,3131.9,120,3250,50,65.0
279,Limestone,26,65.0,,65.0,1,65.0
280,"Syenite, bl.",4-11,6495,,6502,100,65.02
281,Syenite,12-43,6511,,6519,100,65.19
282,"Basalt, br.",11,2607.6,,2608.6,40,65.21
283,"Basalt, br.",32,6523,,6529,100,65.29
284,Limestone,27-38,643.9,,653,10,65.3
285,"Basalt, br.",27,1632.1,,1634.5,25,65.38
286,Bronze,40,31.9,8,32.7,1,65.4
287,"Basalt, br.",18-27,6512,,6547,100,65.47
288,Bronze,58,1326.6,,1310,25,65.5
289,"Basalt, bl.",19-27,262.3,,262.5,4,65.62
290,"Basalt, br.",11,2628.1,,2629,40,65.72
291,"Basalt, br.",19-27,6570.4,,6582,100,65.82
292,Limestone,39,6588.5,,6586?,100,65.86
293,"Basalt, bl.",30,658.8,,658.9,10,65.89
294,Limestone,32-40,658.5,,659.0,10,65.90
295,"Basalt, bl.",12-23,2631.5,,2637,40,65.92
296,Limestone,12-11,2521.6,120,2640,40,56.00
297,Lead,62,64.7,50,66.0,10,66.0
298,Lead,64-70,228.3,180,330,5,66.
299,Limestone,38,390.0,,329.9,5,66.00
300,Lead,63,153.5,50,133,2,66.
301,"Basalt, bl.",38,132.0,,132.0,2,66.0
302,Bronze,69,121.8,16,132,2,66.
303,Bronze,34-37,134.2,,132,2,66.0
304,"Syenite, gr.",3-12,5278.7,,5283,80,66.04
305,"Syenite, bl.",36,6608,,6609,100,66.09
306,Limestone,8,"198,280",,"198,300",3000,66.10
307,Syenite,36-37,6574,,6626.,100,66.26
308,"Bronze, L.",26-27,1332.2,,1326,20,66.3
309,Bronze,26,269.5,,265.5,4,66.37
310,"Basalt, br.",18-38,1327.5,,1327.5,20,66.38
311,"Basalt, br.",39,1657.9,,1660.,25,66.40
312,"Syenite, gr.",37-38,2658.1,,2660.,40,66.50
313,Limestone,18,659.7,,665,10,66.5
314,"Basalt, bl.",26-27,133.0,,133.0,2,66.5
315,"Basalt, br.",19,665.9,,666.3,10,66.63
316,Lead,62,647.6,20,667,10,66.7
317,"Basalt, bl.",18,667.3,,667.8,10,66.78
318,"Basalt, bl.",18,2665.7,,2673,40,66.82
319,"Basalt, br.",26-28,1335.3,,1336.8,20,66.84
320,"Syenite, gr.",77,6635,,6637,100,66.69
321,"Basalt, bl.",18-37,6644,,6700,100,67.0
322,"Basalt, bl.",12-40,1336.0,,1340,20,67.0
323,Bronze,60,68.8,1.8,67.0,1,67.0
324,"Syenite, gr.",11-38,2676.8,,2681.4,40,67.03
325,Alabaster,23,132.1,,134.2,2,67.1
326,Alabaster,38,134.2,,134.2,2,67.1
327,"Basalt, br.",38,6719,,6719,100,67.19
328,"Basalt, bl.",29,6680,,6735,100,67.35
329,"Basalt, bl.",27-33,1671.9,,1684,25,67.36
330,"Basalt, bl.",11-40,1347.3,,1347.3,20,67.36
331,"Syenite, gn.",32,134.7,,134.7,2,67.4
332,Bronze,90,331.1,,337,5,67.4
333,Limestone,8-44,"201,380",,"202,400",3000,67.47
334,"Basalt, bl.",23-27,3362.6,,3374,50,67.48
335,Alabaster,12-43,6705,,6754,100,67.54
336,"Basalt, bl.",33,3370.9,,3379,50,67.58
337,"Basalt, br.",11-12,2707.8,,2708,40,67.70
338,Limestone,"16, 03",671.4,,677,10,67.7
339,Bronze,37,264.4,5.6,270,4,67.7
340,Lead,68-70,265.3,26,271,4,67.7
341,"Basalt, br.",18-27,1265.0,60,1355,20,67.75
342,Bronze,26,44.8,,45.2,½,67.8
343,"Syenite, br.",38,6796,,6797,100,67.97
344,Alabaster,38,649.2,30,680,10,68.0
345,Lead,70,40.7,7,34,½,68.
346,"Basalt, bl.",38,136.1,,136.1,2,68.05
347,"Basalt, bl.",23-27,1358.9,,1362.4,20,68.12
348,"Basalt, bl.",23-27,2721.9,,2727.,40,68.17
349,"Syenite, br.",11-38,681.2,,681.7,10,68.17
350,"Basalt, bl.",11-38,681.4,,682.0,10,68.20
351,Lead,68,273.2,8,273,4,68.2
352,Limestone,26-29,681.3,,682.3,10,68.23
353,Limestone,11-38,973.1,,978.1,4,68.93
354,Bronze,33,22.9,,22.8,½,68.4
355,"Basalt, bl.",25-27,6838,,6848,100,68.48
356,Bronze,12-25,130.5,6.5,137,2,68.5
357,Limestone,23-27,69.4,,69.4,1,69.4
358,Bronze,25,23.9,4,24,½,72.
359,Bronze,26,12.7,3,12.4,⅓,74.4
360,Bronze,16.98,16.8,,16.7,½,200.4
361,"(Stone), bl.",56,1766.2,,1766.2,8,208.3
362,"Basalt, bl.",20,17.4,,17.4,¼,208.8
363,"Basalt, bl.",16,4144.8,,4190,20,209.5
364,Bronze,26-33,65.9,65,105,½,210
365,Alabaster,35,78.7,31,105,½,210
366,Alabaster,25,105.4,,105.6,½,211.2
367,Bronze,25,26.4,4.,26.4,⅛,211.2
368,Sandstone,2-11,"51,040",,"51,100",240,212.9
369,Bronze,24-26,436.1,10,426.,2,213.
370,Bronze,25,110.4,3.4,107,½,214.
371,Marble,65,831.6,30,860,4,215.
372,Bronze,33,52.9,,54.1,¼,216.4
373,Bronze,65,170.9.5,,1740,8,217.5
374,"Basalt, bl.",33,27.2,,27.2,⅛,217.5
375,"Basalt, br.",11-19,435.2,,435.2,2,217.6
376,Bronze,36,190.7,57,218,1,218
377,Bronze,36,20.2,2,18.2,¼,218.4
378,Bronze,25,112.0,2.5,109.5,½,219.
379,Lead,86,2521.8,320,2200,10,220
380,Limestone,5,442.7,,442.7,2,221.3
381,Bronze,21-35,230.4,17,222.,1,222.
382,Bronze,57,7.0,2,7.0,1,222.
383,Bronze,"25, 97",18.7,,18.5,⅟₁₂,222.
384,Bronze,64-67,223.8,,223.,1,223.
385,"Basalt, bl.",42-46,4410.0,,4470.,20,223.5
386,"Granite, red",5,"53,980",,"54,130",240,225.4
387,"(Stone), bl.",7,5646,,5658,25,226.3
388,Alabaster,23,2646.9,B,4550,20,227.5
389,Bronze,25,61.0,4,57.,¼,228.
390,Bronze,40,54.3,3,57.,¼,228.
391,"Syenite, bl.",3,182.4,,1825.,8,228.1
392,"Basalt, bl.",27-40,457.0,,457.0,2,228.5
393,Alabaster,20-40,227.0,,228.5,1,228.5
394,Bronze,18-38,38.8,,38.3,⅙,229.8
395,Bronze,25,112.5,3,115?,½,230?
396,"Syenite, bl.",4,5697.5,,5770,25,230.8
397,Bronze,66,230.3,10,231.,1,231.
398,Bronze,66,80.8,4,77.0,⅓,231.
399,Bronze,33,39.5,1,38.5,⅙,231.
400,Limestone,37,115.6,,115.6,½,231.2
401,"(Stone), bl.",65,924.9,,926.2,4,231.6
402,Bronze,58,121.0,5,116.,½,232
403,Bronze,"66, 96",131.9,16,116.,½,232
404,Limestone,18,231.7,,232.9,1,232.9
405,"Syenite, gr.",42-46,4649.5,,4676,20,233.8
406,Bronze,23-33,1145.0,32,1170,5,234.0
407,Lead,61-65,232.9,15,234,1,234.
408,Bronze,26,125.7,9,117,½,234.
409,Limestone,44,584.8,,585.6,2½,234.2
410,Bronze,33-37,250.3,15,235.,1,235.
411,Bronze,33-37,231.6,,235,1,235.
412,"Basalt, br.",23,"10,088",B,"11,800",50,236.0
413,Alabaster,23-27,2748.7,B,"11,850",50,237.
414,Bronze,66,82.6,3.6,79.0,⅓,237.
415,Lead,62-68,328.3,100,350,4,87.5
416,Bronze,26-33,353.5,,351,4,87.6
417,Bronze,62-70,180.9,4,177,2,88.5
418,"Bronze, L.",33,570.0,42,537,6,89.5
419,Limestone,43,451.1,,45.1,½,90.2
420,Bronze,89,50.3,4,460,½,92.0
421,Lead,60,215.6,80,185,2,92.5
422,Marble,15,1116.0,,1116.0,12,93.0
423,Bronze,33-40,379.0,9,376.,4,94.0
424,Bronze,33-37,101.1,7,94.,1,94.
425,Limestone,15,188.2,,188.5,2,94.3
426,Limestone,15,94.7,,94.7,1,94.7
427,"Syenite, gr.",12-15,23.7,,23.7,¼,94.8
428,Bronze,24,768.1,,760.,8,95.0
429,"Basalt, bl.",33,47.5,,47.5,½,95.0
430,"Basalt, bl.",32,"23,770",,"23,770",250,95.1
431,"Basalt, bl.",20,23.8,,23.8,¼,95.2
432,"Basalt, bl.",26-27,"23,860",,"23,830",250,95.5
433,"Basalt, bl.",38-39,573.5,,673.5,6,95.6
434,"Syenite, gr.",84,48.0,,48.0,½,96.0
435,"(Stone), bl.",87,776.7,,77.2,8,97.1
436,Bronze,38,49.2,,48.7,½,97.4
437,Bronze,33-40,391.0,,390.,4,97.5
438,Bronze,34-37,400.1,26,390.,4,97.5
439,Lead,60,3820.8,99,390.5,40,97.6
440,Bronze,32-34,391.5,,390.5,4,97.6
441,"Basalt, br.",27,4882.8,,4883,50,97.7
442,"Basalt, bl.",32-33,779.3,,781.5,8,97.7
443,"Syenite, gr.",9-10,4879.6,,4890,50,97.8
444,Limestone,1-41,780.1,,783.0,8,97.9
445,"Basalt, bl.",9,3917.6,,3917.6,40,97.9
446,"Bronze, L.",25,397.7,,392.,4,98.0
447,"Bronze, L.",26-27,394.8,,392.,4,98.0
448,Alabaster,23,3877.0,,3925,40,98.1
449,"Basalt, bl.",27-33,786.4,,787.5,8,98.4
450,Alabaster,58,787.1,,790.,8,98.7
451,"(Stone), bl.",65,797.4,,798.0,8,99.7
452,"Basalt, br.",38-39,5960.2,200,6160,80,77.0
453,"Basalt, br.",33,3094.9,,3098.5,40,77.5
454,"Basalt, br.",17-26,77.6,,77.6,1,77.6
455,Limestone,22,155.1,,155.3,2,77.6
456,"Basalt, bl.",10-40,6148,,6230,80,77.9
457,Bronze,10-37,94.3,16,78.,,78.
458,"Syenite, bl.",10,3124.0,,3125.0,40,78.1
459,"Syenite, gr.",55,1954.1,,1956.0,25,78.2
460,"Syenite, gr.",25-33,6264.0,,6264,80,78.3
461,"Syenite, gr.",85,3135.5,,3135.5,40,78.4
462,"Basalt, br.",27,3129.3,,3137.,40,78.4
463,Bronze,20-33,161.4,4,157,2,78.5
464,Limestone,38,3145.9,,3152,40,78.8
465,"Syenite, bl.",15-16,315.7,,315.7,4,78.9
466,Bronze,91,314.0,,316.,4,79.0
467,Basalt,29-32,6282.,,6328.,80,79.1
468,Lead,60,2230.6,150,2380,40,79.3
469,"Basalt, br.",12,2370.9,,2381,40,79.4
470,"Bronze, L.",19-27,815.9,20,795,10,79.5
471,Alabaster,21,79.5,,79.5,1,79.5
472,"Basalt, bl.",19-27,1594.8,,1595.1,20,79.7
473,"Basalt, bl.",20-43,39.9,,39.9,½,79.8
474,Alabaster,12-14,1344.7,B,2000,25,80.0
475,"Basalt, bl.",23-33,1595.6,,1600.2,20,80.0
476,Lead,16,198.3,4,200,2½,80.0
477,Limestone,33-37,3204.1,,3210.,40,80.2
478,"Glass, gn.",38-44,80.3,,80.3,1,80.3
479,Bronze,"60, 94",239.7,,241.,3,80.3
480,"Basalt, bl.",33-37,160.8,,160.9,2,80.4
481,"Syenite, gr.",38-40,4022.7,,4025.,50,80.5
482,"Basalt, bl.",38,80.7.5,,8038.0,10,80.8
483,"Syenite, gr.",7-10,8083.,,8092.,100,80.9
484,Limestone,8-41,2019.6,,2026,25,81.0
485,"Syenite, gr.",55,2035.5,,2038.5,25,81.5
486,Alabaster,14,1764.8,B,8200,100,82.
487,"Basalt, br.",26-33,"125,930",B,"248,000",3000,82.7
488,Lead,60,502.8,60,500,6,83.3
489,Lead,60-69,4110.5,900,5000,60,83.3
490,"Syenite, br.",27-33,"10,177",,"10,198",120,85.0
491,"Syenite, gr.",55,2124.1,,2137.0,25,85.1
492,"Basalt, gn.",8,5155,,5155,60,85.9
493,"Syenite, gr.",9-54,2161.8,,2164,25,86.6
494,Bronze,"61, 99",205.0,,204.0,½,408.0
495,Bronze,71,124.8,,123.5,3,411.6
496,Bronze,71,414.8,,414.0,1,414.0
497,Bronze,71-74,416.1,,415.0,1,415.0
498,Bronze,72,875.2,,868.0,20,43.4
499,Bronze,72,435.8,,435.5,10,43.5
500,Bronze,76,438.6,,436.0,10,43.6
501,Bronze,72,22.0.2,,220.,5,44.0
502,Bronze,72,2219.2,,2240.,50,44.8
503,Bronze,72,840.8,50,900.,20,45.0
504,Glass,,90.9,,90.9,2,45.5
505,Glass,,91.1,,91.1,2,45.6
506,Bronze,13-72,226.4,,229,5,45.8
507,Bronze,13-72,461.5,,460.0,10,46.0
508,Bronze,13-72,230.6,,230.0,5,46.0
509,Bronze,73,459.1,,460.0,10,46.0
510,Bronze,73,461.7,,461.5,10,46.1
511,Bronze,72,465.4,,463.0,10,46.3
512,Glass,,93.4,,93.4,2,46.7
513,Bronze,76,470.8,,468.0,10,46.8
514,Bronze,76,245.0,,244.5,5,48.9
515,Sandstone,33,"91,070",B,"174,000",,
516,Chalcedony,50,34.3,,34.3,,
